match_id,version,start_time,ally_hero1,ally_hero2,ally_hero3,ally_hero4,enemy_team1,enemy_team2,enemy_team3,enemy_team4,enemy_team5,banned_hero1,banned_hero2,banned_hero3,banned_hero4,banned_hero5,banned_hero6,banned_hero7,banned_hero8,banned_hero9,banned_hero10,banned_hero11,banned_hero12,
3804191905,21,1522245346,59,74,107,119,5,14,22,32,109,40,76,120,
3668317664,None,1515430471,11,14,26,120,7,23,39,41,112,
1971555384,None,1448932063,30,39,55,87,7,11,28,72,112,
3964396050,21,1529556529,12,13,26,66,6,9,37,46,62,101,114,
2060569468,None,1452153091,1,20,62,80,31,39,75,76,100,
4096748757,21,1535899897,6,20,39,90,5,7,17,63,70,34,121,
3741093245,21,1518973144,31,76,90,109,29,50,62,72,93,
3651730519,21,1514695322,11,62,79,109,3,41,57,64,76,
3858924128,None,1525105719,16,25,87,107,34,73,76,85,92,68,
1952828116,None,1448203084,5,8,69,78,11,38,42,50,58,
3685500001,21,1516263723,3,16,39,44,11,41,51,55,75,
3491761564,20,1507526389,9,26,62,86,31,60,78,82,114,
3302588580,None,1499591125,26,58,70,103,17,30,41,86,109,
3200396784,18,1495589557,2,31,70,74,10,27,34,88,93,
3316276011,None,1500176690,10,60,86,98,14,57,63,71,105,
3877282243,None,1525878064,16,38,75,106,29,34,87,114,119,88,
3492248839,20,1507549746,10,21,84,107,31,53,69,86,114,
3745820563,None,1519234902,1,14,39,103,42,48,64,106,120,
3827978542,None,1523468704,1,11,14,83,34,50,71,108,109,74,90,105,
3564498518,20,1510815477,7,14,20,23,74,79,107,108,114,
1974234631,15,1449053190,12,50,69,107,7,21,39,71,106,
3666644727,None,1515349580,13,17,27,84,67,78,105,112,120,
1490090349,None,1432207776,4,20,32,34,6,17,38,50,53,
3828472371,None,1523506559,14,62,73,76,44,50,59,74,98,11,
2057762104,None,1452040727,22,50,69,83,8,20,27,28,74,
3936020811,21,1528271635,34,62,87,120,30,32,44,74,100,11,49,76,
2456771531,None,1466696597,5,52,70,71,25,26,28,93,102,
3988354169,21,1530716158,6,20,46,85,5,14,25,63,103,34,77,92,99,
3667460389,21,1515398666,64,76,83,84,27,49,74,88,120,
3201761868,18,1495644889,4,8,25,71,5,7,28,82,93,
3541297159,20,1509770749,17,22,45,111,88,97,98,119,120,
1929069751,None,1447249042,13,16,38,86,1,7,73,84,110,
3759133791,21,1519930367,74,87,103,119,19,58,96,100,106,34,
3225810781,None,1496632394,5,21,23,56,8,25,51,69,110,
3883776525,21,1526114219,19,74,75,100,15,16,27,41,64,
4245458981,21,1543499120,7,26,86,114,41,44,68,106,121,89,105,
4155608193,21,1538842920,5,59,76,121,10,27,53,109,120,12,83,
2251616353,None,1459018038,7,26,41,76,8,31,50,74,88,
4017108165,21,1532182862,5,9,95,100,17,20,21,22,51,14,62,
3734210866,21,1518626420,48,71,87,120,7,11,16,27,95,
2087598424,None,1453121616,16,21,46,107,22,27,28,57,67,
3679617501,None,1515955759,20,62,74,120,11,48,103,107,119,
3704745764,21,1517152977,15,47,57,87,11,19,27,51,114,
3457251871,20,1506003243,7,74,86,114,2,4,16,26,76,
1953655760,None,1448232910,8,25,50,53,11,72,90,100,104,
4159807237,None,1539056977,4,30,85,92,7,12,17,63,68,41,114,
3452060976,20,1505752348,22,31,51,87,19,54,86,91,105,
2125965527,None,1454526612,14,53,71,74,22,23,46,93,104,
3929376430,21,1527958838,26,87,106,108,14,23,28,93,103,105,
3174128840,18,1494613931,26,63,97,106,2,5,74,86,93,
1957900359,None,1448411279,28,42,68,69,5,8,26,73,100,
1954921815,None,1448288063,3,7,73,107,5,11,42,69,81,
3319115675,None,1500290791,8,14,30,63,23,41,51,74,88,
3997975781,21,1531198598,2,5,12,101,31,49,69,100,106,23,83,114,
3850415401,21,1524665499,23,54,100,119,72,75,96,98,114,76,104,
1978189652,15,1449219799,3,8,17,39,19,22,47,50,112,
1969371861,None,1448835656,11,51,86,112,19,21,28,50,100,
3704838833,21,1517156290,23,27,77,97,36,49,91,95,119,
3955188666,21,1529125685,21,27,101,108,7,8,60,97,98,62,82,
3322427731,20,1500439283,25,44,75,114,11,45,57,70,107,
3988160081,21,1530709857,6,21,37,47,9,27,30,39,77,17,22,62,101,
4180797363,21,1540176372,7,36,88,112,48,63,82,86,105,1,17,64,
4109981479,21,1536543203,5,19,109,121,9,17,23,63,83,12,67,85,
3343653398,20,1501336404,37,41,56,110,45,86,90,92,114,
4023902923,21,1532529859,5,21,82,95,12,42,74,79,110,34,61,76,83,
3764400422,21,1520183467,39,72,101,107,10,11,42,75,108,1,17,
4024128685,21,1532538677,1,5,110,119,9,17,30,36,75,76,
3322476340,20,1500441862,4,18,60,75,16,33,40,74,86,
3336920123,20,1501059913,41,47,86,111,12,67,74,87,100,
1957366164,None,1448384183,46,51,68,86,7,11,20,50,59,
3494642525,20,1507661047,7,9,53,86,56,74,96,105,110,
3504072611,20,1508087520,27,28,74,111,1,8,22,41,88,
3850799978,21,1524682514,42,73,74,107,5,9,22,113,119,41,68,88,
3520748642,20,1508862414,9,64,107,111,7,44,71,75,100,
3218951234,20,1496363648,5,46,60,93,27,64,83,88,109,
4181723746,21,1540223162,5,20,22,84,7,25,45,102,106,34,114,
3711607427,21,1517502025,8,39,84,101,2,22,35,62,119,
4131482796,21,1537625746,4,19,86,121,35,41,78,89,111,
4133642887,21,1537714288,8,27,96,112,30,33,44,56,79,20,114,
4204805412,None,1541413996,70,82,84,101,11,57,109,112,120,7,33,
4159115694,21,1539012665,2,17,31,107,14,45,88,113,121,12,63,
3795181750,21,1521778474,8,39,68,71,14,26,32,33,34,62,76,
3173811018,None,1494603790,17,40,51,56,31,35,84,95,96,
3858679083,None,1525098269,11,14,26,105,5,8,21,72,100,32,74,
3993579921,21,1530974540,9,20,64,94,5,13,14,36,58,34,120,
3825746199,None,1523355509,1,49,86,87,16,19,43,48,52,41,76,88,
3881817399,21,1526048006,38,50,54,76,5,21,44,88,90,
3846983706,21,1524473544,64,94,100,109,14,27,32,46,119,34,88,92,
3974567000,None,1530032310,26,33,101,120,7,36,48,86,106,21,62,
3324753270,20,1500544111,8,14,23,104,5,7,18,108,114,
3839006122,21,1524057694,2,13,19,26,48,50,57,100,106,76,
3821684099,None,1523135734,7,30,39,106,26,43,100,108,114,88,109,
3849909332,None,1524642310,11,27,42,51,4,5,7,15,23,76,
3960391218,21,1529339807,1,22,27,100,10,21,39,69,103,17,34,
1982650555,None,1449365898,7,11,21,87,8,28,30,39,100,
3453713899,20,1505835406,40,65,87,112,7,22,71,75,114,
3186228949,18,1495000741,18,40,46,88,5,6,13,21,50,
4128639165,21,1537497707,5,7,12,74,25,67,83,110,121,61,
3673053669,21,1515677146,34,93,96,119,3,14,29,74,75,
2325717971,None,1461847964,30,75,97,106,9,49,69,72,86,
1955142567,None,1448294075,19,28,46,86,1,7,11,20,98,
2021166550,None,1450785370,20,22,107,110,11,71,86,90,99,
4231520086,None,1542808367,36,60,62,84,1,10,26,69,78,3,86,105,
3782041398,21,1521115269,22,35,100,119,30,76,87,97,109,
3453628071,20,1505832498,6,9,20,31,16,22,40,87,113,
3331689160,None,1500818624,18,20,34,95,9,35,36,79,98,
1959998873,None,1448500486,8,60,97,112,25,28,46,71,106,
3879659101,None,1525965723,32,54,57,86,11,22,26,48,98,2,47,
3323169237,None,1500468652,4,37,57,113,5,8,16,76,104,
1928827594,None,1447241776,43,72,85,86,8,40,46,67,84,
3335782367,20,1500999245,5,16,90,109,1,31,74,78,107,
3323498266,None,1500478955,18,27,90,104,7,8,14,97,101,
3735583666,21,1518706287,5,13,89,95,14,18,100,101,106,
3260349305,20,1497883190,5,25,57,74,2,20,36,51,106,
2249101306,None,1458937165,13,17,62,87,7,11,14,22,53,
3350194967,None,1501607125,7,42,86,111,28,48,65,75,76,
4053952146,21,1533970844,44,83,112,120,5,11,14,36,58,4,59,
4167179420,21,1539451714,9,31,48,74,22,25,60,67,93,114,
3652223365,21,1514714850,13,27,57,59,11,51,76,104,105,
3667507892,21,1515400921,5,19,83,119,14,22,48,54,68,
3825111441,None,1523310234,11,35,68,110,18,20,32,74,119,76,
3646957875,21,1514482289,1,5,90,108,15,18,66,88,120,
3796094943,21,1521819638,37,42,47,119,12,28,39,64,69,93,112,
3865563212,None,1525432235,70,87,91,108,10,16,60,68,76,34,62,
4107260328,21,1536423205,49,61,88,121,23,63,67,75,83,82,
4063448530,21,1534454262,5,21,34,93,63,65,82,86,100,36,61,
3671677068,21,1515602289,15,51,109,112,12,26,39,87,120,
3225686570,20,1496623787,4,13,27,62,25,31,37,88,93,
3930643926,21,1528017180,14,34,64,80,2,10,74,86,103,15,54,76,
3967065643,21,1529681333,49,87,90,106,10,16,25,26,119,38,52,101,
3694862728,21,1516697134,11,28,63,86,7,9,22,41,120,
3780939251,None,1521046284,5,11,72,100,31,35,73,99,107,19,76,119,
3971109108,21,1529856822,21,25,63,87,9,51,82,101,110,14,74,
3842517670,None,1524248659,8,22,76,86,16,19,39,52,75,41,62,112,
3182073481,None,1494871161,4,32,97,107,20,60,87,96,106,
3677096503,None,1515856897,13,31,59,60,15,22,64,98,112,
3171981189,None,1494522399,47,62,73,106,7,32,34,48,112,
3459078975,20,1506088372,53,74,87,113,39,64,86,88,95,
4042478263,None,1533403292,5,44,61,101,11,16,41,64,119,1,114,
3547867977,20,1510037311,39,64,69,88,9,41,57,74,120,
3520581535,None,1508856499,40,50,84,88,5,8,23,74,107,
3687347668,21,1516354785,34,54,88,101,27,49,62,74,99,
3323572309,None,1500481736,52,90,95,98,15,23,28,69,104,
4137993811,None,1537952260,49,63,110,121,7,25,70,78,86,99,114,
3658427531,None,1514990946,26,63,68,74,3,15,29,34,84,
3316376064,None,1500180836,64,74,104,107,8,34,78,91,97,
4124583429,21,1537273985,7,11,27,63,8,17,26,32,74,67,88,
3794167925,21,1521721895,64,68,95,100,25,47,50,65,110,62,
3880159081,21,1525983429,20,21,57,84,16,32,33,53,74,34,88,
3979705658,None,1530290207,17,90,93,119,2,9,10,31,101,76,
3515187957,20,1508608755,9,30,102,106,22,40,56,86,108,
4048098062,21,1533667886,6,20,89,113,13,14,26,45,63,34,
1967496539,None,1448778327,7,69,72,101,21,28,31,93,100,
3231061536,None,1496854460,17,27,57,95,5,65,70,106,107,
3469315572,20,1506524290,5,14,16,81,35,46,87,88,101,
4116171811,None,1536861336,7,20,61,120,42,70,73,86,119,74,121,
3334904754,20,1500970008,74,84,88,108,4,14,27,63,96,
1957863875,None,1448408111,68,100,102,106,10,11,35,59,112,
3318457278,None,1500260512,15,28,56,88,13,46,70,71,86,
1556778697,None,1434456781,7,45,85,94,4,37,59,74,100,
4040554385,21,1533321105,5,26,101,105,19,48,53,64,86,88,
3563728027,20,1510765755,19,23,90,91,5,13,14,48,98,
3972179455,21,1529920249,46,85,93,119,21,37,47,67,88,92,
4119795623,21,1537031755,5,12,42,105,14,35,39,70,100,17,
3495174477,20,1507699865,83,95,101,109,7,31,60,106,114,
2251323372,None,1459010154,22,32,59,75,30,33,41,74,76,
3327624483,20,1500659086,23,41,60,74,44,52,62,86,102,
1958448635,None,1448440862,1,25,100,106,30,42,53,69,74,
1453340132,None,1430961148,7,39,61,93,11,86,95,97,107,
4161965355,21,1539177796,5,25,47,84,1,27,32,53,74,4,114,
4093275345,21,1535751325,4,83,86,95,17,19,20,67,85,42,114,121,
2365745923,None,1463332389,10,22,86,96,2,26,39,88,94,
3768679711,21,1520431292,27,65,74,100,16,44,57,76,87,12,109,
3332024215,20,1500829714,20,56,86,99,6,35,74,80,107,
2022195917,None,1450814214,7,28,76,100,3,9,40,53,93,
3492808576,None,1507569671,1,7,84,86,9,14,76,83,114,
2250427286,None,1458989040,49,64,90,105,5,11,71,76,84,
4038249590,21,1533217612,7,33,54,74,5,36,42,67,88,14,23,114,
4208465720,21,1541607877,26,39,50,78,19,32,86,95,113,61,121,
3839130795,21,1524062006,11,84,95,119,15,19,27,39,107,76,
3305217100,20,1499694705,5,14,82,109,35,53,70,75,100,
3490775516,20,1507472494,57,61,75,93,8,23,30,51,74,
3323310957,None,1500472778,27,51,76,93,7,38,40,49,86,
3676873577,21,1515850690,34,86,98,107,7,8,11,27,114,
3353759698,20,1501776665,14,17,88,90,54,64,82,86,114,
3544476990,20,1509882422,15,88,111,119,45,64,67,74,120,
2013334535,None,1450512309,20,23,56,75,2,5,8,26,97,
1405136437,None,1429295392,13,68,69,99,9,17,26,54,56,
3706428827,21,1517238163,11,54,58,65,28,34,35,38,114,
3497085933,None,1507796807,64,70,85,107,2,7,10,74,92,
4150526522,21,1538585327,42,56,86,121,1,25,30,37,85,46,
4014508356,21,1532057834,7,31,51,92,5,14,17,39,95,34,88,
3837632104,21,1523976174,11,48,64,119,7,16,26,46,98,82,104,
3709783729,21,1517410477,8,32,35,84,14,30,59,74,81,
1405220447,None,1429298305,10,46,51,62,25,27,32,102,106,
4058505220,21,1534178972,5,17,77,83,4,42,64,91,98,70,114,
3490592006,20,1507467087,41,63,71,77,10,17,30,32,69,
1973833624,None,1449036217,50,93,100,102,11,26,28,71,106,
3317283618,None,1500208699,14,31,57,70,20,32,34,71,97,
3477350691,None,1506874156,8,10,18,31,16,47,56,70,107,
3505072194,None,1508143235,13,35,110,111,18,55,74,75,107,
4167010143,21,1539445779,10,30,88,107,17,19,90,95,121,46,84,104,
3963017195,None,1529487242,1,37,63,106,12,14,34,75,97,8,
4010531773,None,1531838282,5,34,56,88,20,36,44,106,107,68,
1360840630,5,1427708441,2,46,51,84,17,26,57,75,80,
1504498076,None,1432702037,62,75,98,106,5,11,12,20,74,
1647489458,None,1437402832,57,74,86,100,7,8,14,33,106,
3933094258,21,1528122200,26,49,94,103,21,23,53,74,86,
3531870314,20,1509375947,40,45,71,94,1,4,11,75,100,
4194627121,None,1540901091,17,22,27,92,2,5,35,48,71,74,105,
3764184644,None,1520174957,3,57,75,100,26,29,49,58,110,1,34,
1980511213,15,1449301026,22,84,86,104,1,20,21,28,112,
3684169953,None,1516191887,29,62,84,120,6,7,14,17,64,
4046170104,21,1533572535,6,20,46,64,9,12,27,39,83,88,114,
3472875768,20,1506697054,5,32,54,99,6,45,58,74,102,
3482459762,20,1507120785,7,11,68,69,1,14,25,31,51,
1991768836,None,1449723810,7,28,50,74,14,25,31,69,106,
1960049200,None,1448503916,8,18,59,86,19,22,67,85,96,
1953055568,None,1448208897,7,11,73,100,21,37,50,74,105,
4056869585,21,1534093103,5,17,64,77,6,14,26,36,46,42,114,
3492327186,20,1507552518,26,84,97,114,14,30,74,88,93,
3348220325,None,1501519662,27,34,90,113,21,23,28,63,87,
3940531192,21,1528476148,15,25,26,101,4,20,60,74,100,50,61,
3203381503,18,1495722058,64,76,95,99,21,30,55,89,93,
3531333936,20,1509358120,31,42,85,92,35,44,45,57,96,
3348312436,None,1501523371,23,27,78,90,8,26,47,51,71,
4161659900,21,1539164357,14,25,32,36,7,46,63,70,110,22,114,
3501798609,20,1507999175,31,41,74,91,9,29,75,81,107,
3853358007,21,1524839519,32,34,100,119,69,73,87,101,114,
3758510417,21,1519905825,51,64,78,98,5,9,14,28,49,7,34,74,
3548833812,20,1510072940,4,84,119,120,13,23,87,107,109,
3974224382,None,1530020177,65,68,77,83,1,14,29,31,44,34,
4111016618,None,1536591765,9,106,107,121,7,8,42,62,73,53,
3996581053,21,1531125490,17,21,64,114,5,22,38,67,106,4,62,88,101,
3850549660,None,1524670480,11,73,100,119,7,34,76,86,88,1,9,
4056920181,21,1534095348,5,6,21,46,22,31,61,67,119,42,83,114,
3533668715,20,1509460960,7,48,53,93,36,82,90,99,107,
3684729438,None,1516214426,12,30,58,105,6,8,14,34,75,
3662424191,21,1515172735,19,39,88,119,13,41,78,90,100,
4021749886,21,1532422028,5,12,25,62,63,83,85,106,114,4,7,34,
4209892522,21,1541691408,31,33,82,106,17,63,64,84,95,67,94,110,114,
2239136611,None,1458570904,14,38,86,101,7,21,30,36,72,
3756941947,None,1519819290,31,41,76,86,14,60,62,72,74,34,66,
4010603986,21,1531840843,17,21,54,86,4,14,22,25,110,34,76,88,
3955074424,21,1529119896,39,84,97,114,2,7,12,74,101,76,91,
3488841583,20,1507394964,9,64,67,114,10,14,45,69,75,
4127935537,21,1537454728,5,8,74,121,11,45,63,83,110,59,114,
2057808456,None,1452044265,8,50,100,106,9,11,20,70,99,
4091046176,21,1535656463,20,21,67,74,7,9,44,75,120,4,63,121,
3980910638,21,1530352739,3,17,114,119,14,34,48,69,74,21,88,101,
3547300692,20,1509997152,7,49,101,120,14,19,67,74,92,
3707497663,21,1517301080,22,88,100,114,14,23,31,63,94,
3738759901,21,1518869251,7,37,44,49,11,20,42,65,105,
3033701811,None,1488610905,34,44,62,106,21,28,54,63,74,
2003926421,None,1450171907,29,46,89,91,10,15,20,74,112,
3467547359,20,1506436817,5,13,86,114,7,11,31,48,84,
3269124516,None,1498240416,14,73,86,100,15,26,62,75,91,
3495463842,20,1507714895,19,32,69,70,8,41,98,107,114,
1923139367,None,1446988382,9,11,87,94,7,14,21,48,56,
4126179371,21,1537361709,34,79,83,120,6,11,42,119,121,94,
3656901105,21,1514919341,21,48,65,107,5,8,39,61,64,
3942023683,21,1528546658,67,89,101,106,25,31,69,88,93,34,59,62,83,
3197921173,18,1495469778,84,86,95,97,1,46,64,85,87,
3757292679,21,1519832441,27,34,107,109,11,28,67,86,100,19,104,112,
2549953356,None,1470385058,11,48,69,74,8,62,82,86,98,
3517345922,20,1508695390,30,63,92,107,7,25,41,87,108,
3297258158,20,1499372350,16,18,27,39,5,41,48,74,88,
3882602243,None,1526069612,14,21,69,84,27,32,74,93,98,62,88,
1972497375,None,1448974567,1,87,100,107,8,21,28,30,85,
3861130484,21,1525201057,5,7,47,107,10,16,30,74,92,34,88,
3698971295,None,1516897954,21,82,88,101,5,6,74,100,112,
1990175132,15,1449657946,7,21,25,79,11,14,27,28,106,
2239291088,None,1458574831,7,16,74,92,22,67,86,94,107,
3944777750,None,1528650095,25,64,93,103,9,16,74,79,101,62,83,86,
3848477440,None,1524559521,1,9,52,86,8,10,22,26,73,74,
3173702292,18,1494600897,11,50,106,113,1,14,76,84,102,
3978010505,None,1530206991,12,23,76,111,2,8,14,35,119,109,
1928981609,None,1447246562,48,66,86,94,1,5,65,96,100,
4099966367,21,1536072301,47,86,95,119,17,20,59,88,112,61,83,121,
3738796537,None,1518870645,11,25,51,52,15,23,84,105,120,
3980829284,21,1530349621,16,44,101,120,12,40,60,61,119,38,62,
3997220754,21,1531150351,9,46,85,101,14,18,25,63,96,62,104,
3938196163,21,1528375682,31,39,81,91,34,38,62,64,93,13,
3962851272,21,1529479631,4,21,26,95,17,27,48,62,120,12,114,
3353828720,20,1501779766,9,40,74,84,7,25,31,41,54,
3488612596,20,1507388432,42,52,101,102,1,7,30,71,98,
3298895334,20,1499449411,6,63,74,86,41,64,107,108,113,
3834766733,None,1523810370,34,54,98,119,12,14,29,107,112,47,76,
1959260177,None,1448465550,8,12,90,110,11,51,70,72,75,
3493607051,20,1507620533,14,17,68,74,4,31,73,100,107,
3646163660,None,1514455114,34,62,72,87,23,76,86,110,114,
3459329692,20,1506095517,22,27,71,114,5,34,36,65,84,
3651630187,21,1514690219,9,57,62,76,15,29,39,86,107,
1957091432,None,1448376091,67,68,87,100,8,21,62,69,73,
2059970765,None,1452119209,8,27,28,47,20,39,62,74,93,
4088721829,21,1535557964,7,19,73,75,17,36,63,86,100,83,121,
2519189103,None,1469119598,11,63,87,103,28,34,36,81,82,
3958501774,None,1529253306,59,91,109,120,7,22,40,67,101,62,76,
3173926513,None,1494607146,5,8,97,114,7,9,56,78,104,
3990277770,None,1530810811,21,22,39,60,14,26,34,67,105,23,
3568096284,21,1510980372,11,104,110,119,8,9,26,34,62,
1953572177,None,1448227873,11,69,93,100,4,28,50,106,112,
3320371205,20,1500346132,32,39,56,57,7,13,28,44,62,
3184342878,None,1494943335,3,11,14,18,13,26,70,102,104,
4033146572,21,1532962554,5,25,83,114,13,37,67,101,110,32,34,
3320637708,20,1500360343,13,86,110,114,23,40,57,59,87,
3186558644,18,1495013071,30,44,85,97,5,7,11,22,95,
3792545018,21,1521633404,8,17,29,111,34,44,62,64,120,15,89,104,
3297129205,20,1499366719,23,59,74,110,14,17,38,77,111,
2305785665,None,1461077720,18,26,29,86,38,58,67,74,112,
2057603876,None,1452031061,20,28,56,87,7,8,27,74,100,
3319351948,None,1500297861,9,14,38,107,16,20,26,46,93,
3491026665,20,1507480824,25,57,93,107,12,14,36,74,79,
3849995651,None,1524647272,30,44,92,119,25,45,76,84,88,11,
3821780792,21,1523142134,8,11,27,85,16,49,52,54,86,62,76,92,
3920569643,21,1527572726,26,39,95,100,15,25,69,97,101,
4008269523,21,1531723825,12,71,91,99,14,65,67,76,119,104,114,
3454741202,20,1505896504,7,62,82,86,6,9,13,21,30,
1951440685,None,1448165306,2,9,46,87,15,26,73,74,112,
3781088994,21,1521052947,5,34,72,78,14,17,51,56,86,1,46,
1971970028,None,1448956024,1,28,86,100,39,42,50,62,74,
3459675307,20,1506108364,14,19,31,40,30,35,41,70,114,
4099145191,21,1536032641,20,73,90,99,12,50,70,74,120,21,88,
3821738355,21,1523139098,23,53,87,109,74,86,89,108,114,34,46,82,
3875553459,21,1525810209,10,26,51,120,33,34,86,107,114,88,
3550340642,20,1510151204,7,11,86,100,16,37,74,97,120,
1411961823,None,1429535367,8,17,26,105,9,30,39,88,95,
3792378977,21,1521625665,8,11,51,86,39,54,60,76,91,62,
3246180257,None,1497357089,8,20,60,64,9,10,54,74,97,
4176299991,None,1539962271,34,54,90,119,9,11,36,83,110,1,67,105,
2115773906,None,1454164676,14,30,101,110,11,12,51,92,103,
3651810826,21,1514698947,49,60,64,65,8,13,19,27,62,
3780810058,21,1521041226,7,10,34,68,36,47,62,69,114,17,
1953726773,None,1448238110,19,67,69,75,7,39,48,62,73,
3642494093,None,1514289880,1,34,60,64,17,48,53,86,107,
3486989991,20,1507320904,5,7,107,114,11,23,40,53,75,
1361343586,None,1427721649,1,17,86,101,11,31,47,97,105,
3779173748,21,1520954054,73,76,79,109,11,48,84,86,92,34,62,
4203599531,None,1541343908,28,46,53,60,2,6,31,32,94,17,35,
3487435081,20,1507348921,16,18,27,99,7,9,14,25,77,
3465522313,20,1506348255,27,31,39,92,7,30,40,82,111,
4054983102,21,1534007571,5,22,39,93,14,26,46,49,82,36,83,114,
3520931275,20,1508870393,90,98,104,111,7,21,63,81,107,
2088000317,None,1453131732,7,9,67,75,20,28,71,76,106,
3187480766,18,1495041607,14,34,37,113,17,69,70,86,104,
4121767898,21,1537114876,5,63,74,104,4,42,70,110,121,19,67,
3573224902,21,1511198434,26,53,98,120,3,12,40,84,97,
4167334349,21,1539458114,5,36,98,107,2,14,59,68,79,32,
3324214493,None,1500519007,8,39,57,102,30,35,68,74,110,
1955612709,None,1448311909,28,38,84,97,4,7,21,43,50,
1597678517,None,1435739779,21,53,75,106,1,4,7,14,74,
1966858980,None,1448748578,1,85,107,112,7,21,47,72,75,
3494516946,20,1507655522,36,58,84,114,9,28,31,41,71,
4049189541,21,1533730652,5,12,16,39,34,41,48,85,86,70,83,88,
4089394891,21,1535594186,5,39,56,121,7,14,22,58,67,63,74,
4159371325,21,1539023947,5,25,63,75,7,20,42,70,74,36,45,82,
3455481679,20,1505922652,9,23,73,76,17,21,64,107,114,
3033572900,None,1488605913,8,26,53,64,7,14,28,54,74,
3651578448,None,1514687386,16,51,67,74,17,27,28,81,120,
3828787703,None,1523525168,11,30,73,79,5,14,29,40,107,1,34,36,
4009067270,21,1531757233,14,25,94,120,5,74,82,102,112,51,76,
1958364208,None,1448437345,3,11,28,60,7,25,32,69,100,
3667831767,21,1515413782,19,26,74,107,27,34,35,51,53,
3854198260,21,1524892425,20,69,84,107,2,23,65,74,100,71,
2305441376,None,1461068939,9,14,26,74,40,62,76,93,97,
3262072299,None,1497959143,18,45,51,64,7,34,75,81,88,
2545894427,16,1470209378,14,34,82,93,9,31,43,71,73,
3838541862,None,1524036441,8,34,100,119,5,13,14,54,71,22,82,
4249064668,21,1543674612,26,50,56,82,8,46,84,86,121,44,
3198193761,None,1495480380,8,11,14,90,17,23,26,82,88,
3998740657,None,1531232878,22,27,68,120,11,30,48,69,86,21,34,
3941135959,21,1528509537,4,21,25,27,37,46,77,95,101,41,93,
3545380131,20,1509911229,9,14,54,111,3,16,17,100,114,
1720738745,None,1439793814,25,50,54,100,17,21,33,68,72,
3533122955,20,1509442724,5,40,45,91,7,9,29,39,56,
4023397793,21,1532510534,12,42,87,119,5,8,14,23,63,83,114,
3322873918,20,1500458733,7,27,68,70,6,17,26,51,114,
3742250106,21,1519041882,12,39,90,107,5,57,59,88,106,
3673158755,21,1515680762,3,11,16,30,27,34,51,93,107,
3664151536,None,1515248940,43,62,63,86,9,51,94,104,114,
3334975800,20,1500972803,20,44,84,97,1,14,26,29,74,
3324547713,20,1500536284,86,104,106,107,8,34,37,51,98,
3174071937,18,1494611872,1,23,64,97,4,83,94,100,105,
3500581494,20,1507960822,27,31,40,110,4,22,36,74,86,
4136700677,21,1537877708,5,44,104,121,9,48,53,62,119,63,
4135148314,21,1537791882,7,9,86,120,14,41,74,98,121,67,
3171371348,None,1494504229,25,49,71,84,5,28,46,86,95,
4158821133,21,1539002558,17,72,84,109,9,10,19,25,88,61,113,114,
4127412015,None,1537433795,32,34,110,121,1,71,74,79,99,67,114,
3459603450,20,1506105210,14,18,61,86,1,16,30,34,106,
4102814435,21,1536220554,27,74,85,95,7,15,36,63,121,4,67,
3836888872,21,1523940153,48,70,87,91,14,44,57,68,74,76,
3796162916,21,1521822081,11,42,46,68,23,50,53,107,110,74,
2087455937,None,1453117951,22,26,28,63,64,75,77,80,106,
4195172251,None,1540921664,7,105,109,110,14,33,35,63,98,79,121,
3491984606,None,1507538358,8,23,26,67,21,51,69,87,113,
2053407463,None,1451890670,8,9,22,68,27,48,64,74,85,
4109314478,21,1536505941,20,58,86,121,5,22,53,67,71,14,114,
3876023197,21,1525840765,5,9,91,99,2,32,74,93,101,76,
3792027071,21,1521605871,34,74,86,114,11,30,41,100,107,112,
3945724041,21,1528703123,7,46,87,119,2,9,11,30,106,91,
4231023693,21,1542789650,8,33,82,90,44,75,84,86,114,7,36,62,95,
3200490187,None,1495596406,2,30,82,86,57,61,68,93,98,
3654901119,21,1514829459,21,44,101,119,39,64,95,107,120,
3742528799,21,1519052824,13,28,54,86,64,72,76,88,98,
3469195696,20,1506520530,5,34,84,114,9,21,25,31,109,
3962691897,None,1529470695,4,21,62,64,13,88,107,114,119,32,37,83,
2029062722,None,1451070871,18,20,26,75,8,13,21,77,87,
3847472799,None,1524494221,6,7,39,52,8,11,14,16,86,17,34,
1955828600,15,1448326579,8,21,62,86,6,7,36,100,106,
3205477672,None,1495812571,10,25,62,64,5,28,34,107,109,
3563205216,20,1510747754,23,84,112,120,5,7,9,74,81,
1364768951,None,1427843623,6,12,20,105,10,26,42,95,106,
3783179465,None,1521176360,36,39,89,97,16,41,68,100,102,17,119,
3887111805,21,1526212453,28,29,76,101,8,43,71,84,96,34,
3335469529,None,1500989499,75,84,95,98,2,33,36,64,74,
3853233371,None,1524835329,8,23,83,119,10,48,62,84,98,54,
3995722372,None,1531070494,5,18,74,84,26,32,64,68,104,22,33,34,
3996686612,21,1531130504,12,37,119,120,21,67,85,112,114,22,34,83,
1980945163,None,1449313319,22,25,100,104,13,42,74,75,112,
4004758138,None,1531554398,5,56,74,119,14,21,26,67,106,61,
2251125334,None,1459005576,11,55,58,87,5,25,70,74,99,
2593637578,None,1471976319,34,36,100,108,14,29,93,104,106,
3741634252,None,1519007461,8,25,75,110,11,14,29,54,100,
3686442188,21,1516300011,5,11,66,88,8,25,27,32,86,
3944990785,21,1528658900,14,46,52,120,1,21,34,71,119,36,73,
3880095400,21,1525980425,11,16,107,114,3,38,85,93,110,
3741657180,None,1519009275,11,47,86,98,13,23,42,49,99,
3780084782,None,1521010044,7,10,19,111,3,22,35,69,100,11,74,76,
4173481946,21,1539795285,17,26,27,58,10,35,39,83,100,14,32,114,
3641129115,21,1514222672,12,20,23,114,26,38,77,94,119,
3940122508,21,1528464358,4,14,27,39,16,26,67,101,120,42,76,
4098487243,21,1535989668,13,49,67,112,38,60,63,74,75,73,121,
3499614484,20,1507911220,2,45,87,107,1,7,46,79,81,
4147281210,21,1538410340,47,84,94,121,5,9,42,95,110,67,82,83,
4174967436,21,1539884178,20,21,40,90,7,33,70,84,114,32,74,
4181893538,None,1540230710,38,39,90,91,22,33,98,112,114,74,82,
3535754543,20,1509547230,3,74,85,114,14,41,47,75,119,
4167267253,21,1539455126,19,20,32,36,8,9,65,79,111,121,
1989933959,None,1449648595,7,28,39,75,14,21,48,50,97,
4127742214,21,1537448401,49,53,98,121,5,7,36,78,81,74,
4022160678,21,1532438900,3,70,76,90,43,53,78,111,114,22,34,
2059787008,None,1452111225,11,51,101,111,10,46,55,76,103,
3181730282,18,1494863053,34,83,87,104,64,74,95,101,108,
2126173095,None,1454536393,3,50,76,80,20,28,54,58,88,
3693246462,21,1516614856,15,34,85,119,37,39,88,103,109,
3455056508,20,1505909411,5,39,75,88,14,37,41,45,93,
4058548364,21,1534180996,26,61,70,83,19,46,58,62,84,5,91,114,
3187575535,None,1495045343,8,46,90,104,5,32,70,74,98,
1952710998,None,1448200421,7,69,85,106,11,21,32,75,102,
3498032169,20,1507832962,45,78,107,111,8,14,34,75,98,
3457376365,20,1506007095,7,74,100,114,5,8,9,41,76,
3848407211,21,1524555503,1,3,62,74,21,41,45,47,86,76,
4053291418,21,1533929078,5,22,41,74,1,32,42,61,101,12,17,88,
3347696375,20,1501502911,14,23,40,106,27,32,67,69,103,
3565239614,20,1510844995,60,64,97,120,83,94,100,103,107,
4249315250,21,1543681945,11,26,44,79,28,31,34,50,108,99,
3225772715,None,1496630047,5,14,40,76,51,59,75,104,109,
2241543191,None,1458659871,1,62,74,87,7,25,57,68,93,
3861663494,21,1525237869,27,59,62,92,12,20,47,100,108,107,119,
3654966354,21,1514832355,21,62,114,119,14,28,70,74,87,
4062938787,21,1534428364,5,25,41,120,42,44,74,75,83,61,77,114,
3476559659,20,1506850199,11,27,61,101,31,35,44,75,78,
3644994230,21,1514394497,13,100,104,114,12,27,39,57,62,
3991965259,21,1530896730,18,44,74,87,15,34,64,69,71,14,
3804060452,None,1522240895,10,74,107,119,14,17,57,72,111,76,105,
3880923507,None,1526023226,30,65,69,70,5,7,20,21,35,1,99,
2088200082,None,1453137689,7,28,77,86,8,21,26,38,88,
1592256044,None,1435557769,21,22,72,112,8,16,30,52,98,
3190320422,18,1495179603,17,73,91,98,18,28,74,97,110,
3521817596,20,1508926362,41,81,82,100,7,18,45,74,114,
3709532532,21,1517402075,35,50,66,77,18,45,85,100,120,
2085340846,None,1453035566,16,22,50,88,19,26,58,77,111,
3854466514,None,1524906451,76,114,119,120,41,57,74,87,103,47,
3710143595,None,1517425384,34,80,86,107,39,48,51,83,87,
3745678755,21,1519228609,16,22,54,87,34,49,50,83,100,
3199684351,None,1495549218,8,69,84,111,3,9,36,56,103,
1955493647,None,1448306453,19,53,73,112,11,21,25,28,39,
3457538433,20,1506012996,1,22,31,88,23,51,62,89,113,
3351891297,20,1501686982,23,87,90,93,7,9,14,44,78,
3318975595,20,1500285970,15,34,83,84,25,31,41,98,107,
3888748291,21,1526271838,7,26,34,39,35,43,87,105,108,82,
3865646343,None,1525435268,13,26,83,109,19,23,52,87,105,88,92,
1946069558,None,1447960395,7,28,30,82,50,55,67,84,106,
1958314426,None,1448435088,30,42,68,98,7,11,28,53,106,
3843174412,21,1524291596,9,16,61,74,22,26,50,72,110,12,
2584726420,None,1471683511,9,19,98,107,11,33,44,86,99,
4108125964,21,1536467776,17,20,82,121,1,27,28,35,84,63,114,
3746897517,None,1519300911,38,64,95,120,14,15,28,52,71,
2296368242,16,1460728019,21,27,97,112,38,76,86,99,100,
3988629061,21,1530726847,27,52,68,88,12,58,64,85,114,34,
1953625400,None,1448230951,28,50,100,106,38,46,55,72,101,
4133533364,21,1537711144,5,23,36,75,1,14,17,88,121,67,74,119,
3852905747,21,1524820944,49,77,92,119,21,64,73,97,106,1,15,
3742084977,None,1519034058,49,72,86,100,12,14,38,56,76,
3206507450,18,1495864415,27,39,70,99,5,18,40,57,76,
1963954316,None,1448651141,26,72,85,93,19,28,30,75,106,
3832893796,None,1523724285,12,54,107,119,13,20,34,59,111,74,76,
1679575839,None,1438485778,9,10,57,75,7,17,21,77,102,
2010947342,None,1450432029,30,39,42,70,3,5,34,67,98,
3303304849,None,1499611839,44,90,106,107,6,20,25,71,86,
2291398730,None,1460523324,31,62,67,69,28,64,71,74,93,
3922636133,21,1527667697,8,12,26,101,10,21,39,83,86,2,62,91,
4096608726,21,1535895803,12,17,75,119,42,63,73,111,121,82,
4051449772,21,1533834989,5,34,63,85,21,22,70,73,119,42,61,82,114,
3761531320,21,1520063079,41,49,90,107,15,28,63,82,111,72,108,
3802949207,21,1522153497,27,34,53,105,35,42,50,74,107,76,114,
4020131913,21,1532335198,48,79,82,101,5,17,59,70,104,23,36,67,
3542565916,20,1509808795,64,98,107,120,14,53,76,82,84,
3542488821,20,1509806880,1,5,37,120,3,14,74,94,114,
3707589253,21,1517305446,21,81,86,107,12,16,31,34,114,
3320730271,None,1500364242,14,25,86,93,51,70,74,75,96,
1504408879,None,1432698015,11,20,85,86,2,25,26,34,72,
1982824617,None,1449373976,7,15,16,36,9,11,19,26,112,
3940417121,21,1528472553,15,27,38,91,10,17,87,89,108,11,21,
3346240215,20,1501431506,51,76,84,90,5,29,35,77,100,
3271336369,None,1498323409,1,7,30,100,17,36,51,56,86,
3940287704,21,1528468884,17,27,64,95,10,21,34,86,91,67,76,
4148236268,None,1538470673,9,48,74,119,10,26,71,73,83,49,67,
3834371571,None,1523796389,11,84,86,120,8,14,26,74,108,10,52,62,
2291330420,None,1460519773,18,20,53,71,12,26,56,58,62,
3350873777,None,1501649437,7,23,59,90,6,9,20,29,88,
3779053800,21,1520950104,11,19,30,54,8,13,65,66,86,34,76,
1972378425,None,1448971267,7,11,50,59,39,46,56,66,112,
2060746070,None,1452159309,19,62,74,91,8,11,39,71,102,
3802746855,21,1522144698,15,27,49,77,10,30,45,107,114,34,74,
4147084051,21,1538403321,26,28,35,105,9,22,27,32,45,56,121,
2059862773,None,1452114279,1,14,84,86,8,19,55,87,91,
3227719489,20,1496713814,64,82,95,107,2,5,8,22,71,
3337519444,20,1501079568,7,70,81,86,1,26,84,96,114,
4196643716,21,1541003644,3,12,64,120,36,41,74,110,113,67,82,114,
3218982308,None,1496366176,14,46,51,57,15,32,55,74,86,
3184722571,18,1494950486,84,93,97,112,5,48,75,105,113,
1955690052,None,1448316324,7,36,82,100,11,28,68,106,107,
1687729149,None,1438763608,11,83,93,104,17,72,85,89,112,
2060821158,None,1452161742,8,41,92,107,27,28,46,64,81,
1953438759,None,1448221724,11,28,62,67,8,21,69,97,112,
3802668800,21,1522140805,3,11,81,87,18,75,76,100,120,105,
3318509405,20,1500263643,7,37,44,91,14,47,51,56,109,
3827695803,None,1523457109,5,12,14,39,11,30,32,88,114,76,
3840552259,21,1524145593,32,52,54,82,1,11,14,15,49,76,105,
3881720538,21,1526046013,6,20,38,46,31,42,73,100,108,74,92,
3172725105,18,1494567946,5,56,76,114,86,93,99,106,107,
3883563107,None,1526108394,42,53,62,109,16,22,56,67,87,88,
4184600987,None,1540392014,9,44,84,107,50,61,63,113,114,121,
2011558344,None,1450447902,8,9,56,107,31,69,74,87,93,
3676696730,None,1515845656,9,27,57,74,7,8,11,14,105,
2239380269,None,1458577359,52,62,71,87,7,9,16,41,58,
4065018400,21,1534538025,34,70,86,91,5,7,19,82,100,42,61,62,
3482673292,20,1507127670,32,39,94,112,9,45,46,83,86,
3962086507,21,1529427465,34,37,51,67,7,22,44,64,106,21,101,110,
1953685531,None,1448235030,8,11,26,64,21,28,55,93,100,
3322370969,20,1500436029,4,27,83,93,8,25,33,55,58,
3514069195,20,1508574135,60,87,88,106,21,63,86,98,107,
4252794388,21,1543847912,27,34,96,110,16,41,74,84,100,31,114,121,
4137099317,21,1537891845,10,22,46,84,3,5,11,32,101,56,63,105,121,
2125779227,None,1454519937,21,30,41,57,1,22,76,107,111,
2042404789,None,1451512860,3,47,71,78,26,39,74,95,102,
4110380522,21,1536568173,5,19,42,67,7,17,45,63,121,4,12,
4045131983,21,1533530697,17,41,83,101,19,21,36,64,74,61,92,
4254771502,None,1543951735,14,44,59,111,11,12,50,68,121,28,93,97,
3781045994,None,1521050883,11,45,72,89,10,14,25,105,119,1,34,
2384115225,None,1464016608,22,37,62,89,8,9,28,73,102,
4097539007,None,1535946256,17,20,45,85,5,7,34,63,121,82,
1668852260,None,1438141342,1,7,72,99,4,22,26,71,75,
2060290406,None,1452140390,7,61,73,87,21,42,53,54,68,
3181945223,None,1494867855,18,27,60,109,26,34,50,54,86,
4162481441,21,1539200535,11,95,101,121,4,22,23,27,88,14,19,82,109,
3642739636,None,1514297421,5,44,48,120,9,11,19,27,114,
1687653164,None,1438761333,7,22,39,100,51,52,62,72,75,
3837529109,21,1523972574,10,62,74,87,5,12,13,26,71,34,76,
3224233173,None,1496569109,26,30,65,104,5,12,14,22,99,
3742756638,21,1519062436,27,34,62,80,41,76,83,105,120,
4193466136,21,1540828973,61,75,84,119,9,27,82,102,110,32,63,
3542373745,20,1509804070,17,88,107,119,5,6,11,32,45,
2060227909,None,1452136960,7,45,93,107,8,57,62,72,104,
1959391999,None,1448469614,8,11,50,100,7,21,56,75,110,
4012107867,None,1531923158,30,51,81,96,2,8,17,22,27,76,
3533894997,20,1509468876,7,74,84,114,12,14,26,28,82,
3563417399,20,1510754745,17,30,51,66,34,37,62,88,106,
3889105760,21,1526286794,16,41,46,84,50,69,74,103,109,34,76,
3512862243,20,1508516298,36,53,78,111,3,8,17,38,64,
3843011907,21,1524283035,16,26,46,93,27,48,74,100,120,34,
3562201538,20,1510686898,9,14,107,120,2,31,36,55,56,
3494577057,20,1507658060,70,88,107,111,30,36,51,68,114,
3782651341,21,1521138364,7,10,23,86,16,30,67,72,108,11,112,
1698129647,None,1439095329,5,25,32,36,7,9,52,62,72,
1360543944,5,1427698206,20,35,75,97,17,21,37,91,95,
3740835609,21,1518963501,27,49,60,114,19,30,76,109,119,
4010031177,21,1531819123,4,14,39,64,11,26,62,92,108,1,34,
3887203144,None,1526214496,3,5,101,119,14,44,51,106,112,32,
3857061408,21,1525019773,11,93,104,119,1,5,20,47,97,8,10,74,
3197098404,18,1495443971,8,22,26,62,7,28,91,95,106,
2309213193,16,1461227957,57,58,94,107,5,22,62,67,69,
3652088403,21,1514709781,8,75,76,84,11,38,59,60,86,
2055518160,None,1451963468,11,55,75,100,7,23,70,74,102,
4001811717,21,1531399572,14,30,74,78,6,21,46,52,64,67,77,104,
3930524981,21,1528013226,16,30,101,120,5,21,34,70,90,57,
1978091386,None,1449215989,28,62,92,97,27,39,55,68,106,
3826472736,None,1523384609,8,22,26,64,3,32,35,54,79,1,11,
3494395215,20,1507650666,35,50,93,106,4,7,22,63,71,
3343881749,None,1501342558,26,79,82,99,23,55,67,72,100,
3656949349,None,1514921495,20,22,55,111,27,41,74,88,107,
3547233079,20,1509993719,5,11,97,107,8,16,94,101,103,
3652158764,None,1514712352,60,82,109,120,11,51,59,62,86,
3200116666,18,1495566846,1,23,98,111,7,15,20,28,70,
3339820073,None,1501177020,28,74,108,111,2,19,75,97,112,
3828053000,None,1523472521,5,11,26,52,7,25,79,109,110,14,76,
1978354943,None,1449225770,7,38,50,106,8,11,26,51,60,
4169085933,21,1539538444,3,44,105,110,5,10,22,51,73,32,35,114,
3353697097,20,1501774435,48,84,86,97,50,53,70,85,114,
3498651601,20,1507875385,31,78,111,114,13,50,82,95,98,
3650650748,21,1514644492,11,27,30,108,6,7,23,35,100,
3169087707,None,1494405929,5,16,75,109,33,46,82,90,110,
2238850489,None,1458564196,3,46,62,100,14,22,67,74,75,
2022393536,15,1450823998,22,73,86,102,7,28,31,39,67,
3650176769,21,1514628994,8,23,75,86,7,11,27,48,84,
3455285666,20,1505916506,14,69,84,98,7,36,51,74,105,
3495337475,20,1507708874,9,25,104,107,7,13,18,28,114,
3575961731,21,1511351697,13,23,26,57,19,20,46,90,120,
4048055648,21,1533665798,12,29,39,45,36,74,75,89,114,4,61,
1704104395,None,1439276420,7,68,71,88,12,39,62,87,100,
3981363122,21,1530367888,34,62,114,119,2,14,67,74,110,76,
3789320943,None,1521453251,34,40,103,119,2,11,14,21,42,22,41,74,
3889175008,21,1526289307,40,70,74,104,11,14,16,39,100,120,
4006735381,21,1531643893,5,34,101,104,11,14,70,78,119,22,59,92,
2060648876,None,1452155992,3,7,69,106,12,57,76,86,100,
3827879899,None,1523464193,72,74,84,92,15,51,86,98,120,39,88,
3461464900,20,1506179374,39,87,88,114,14,15,27,42,74,
3846089948,21,1524413786,57,62,76,100,9,30,45,64,84,32,103,
3320968128,20,1500373347,25,57,76,111,18,34,68,102,114,
3708236448,21,1517329474,8,11,107,119,9,27,34,78,112,
3533986493,20,1509472644,1,27,31,114,14,16,21,40,62,
3262431707,20,1497968820,64,71,93,99,25,26,28,32,54,
1408227408,None,1429398949,7,51,53,74,2,35,42,65,95,
1955773203,None,1448322330,11,84,100,112,7,8,21,31,69,
3951705055,21,1528968869,37,52,67,88,21,28,39,93,101,62,76,77,
1953149962,None,1448211650,39,87,93,112,21,72,86,102,104,
4131648372,None,1537630617,9,17,23,82,1,2,26,27,74,105,
4229475393,21,1542716506,83,84,90,96,14,44,48,71,74,88,
3939548116,21,1528443452,37,41,47,86,21,65,87,100,114,59,76,91,
4023967138,21,1532532082,5,27,39,44,13,14,33,36,37,22,101,
4049721278,21,1533748713,5,11,12,85,9,26,63,83,106,64,82,114,
3194969907,18,1495356360,5,14,39,70,9,11,45,51,100,
1972158788,None,1448963827,19,39,86,102,1,28,73,100,112,
3226567799,None,1496663922,1,21,26,98,3,18,28,74,86,
3501949999,20,1508004230,30,36,78,98,11,31,48,99,107,
3205692106,18,1495819468,8,14,88,111,5,55,56,69,74,
1973446614,15,1449010781,21,86,100,112,11,28,31,67,107,
3823372425,None,1523214183,3,11,19,119,8,16,27,34,104,62,
2057658546,None,1452033822,7,21,76,104,14,18,28,74,100,
3197992131,18,1495472257,5,9,57,95,67,90,97,107,110,
3842223145,None,1524236936,54,74,86,107,11,15,30,40,103,72,76,
2125652878,None,1454515892,61,62,68,76,44,45,57,74,80,
3757163128,None,1519827579,34,51,86,89,16,25,95,101,107,76,
3704570221,None,1517147429,1,39,119,120,12,19,34,62,86,
4101986452,21,1536167855,7,58,74,114,25,70,97,98,105,34,73,121,
3929222154,21,1527954156,7,34,57,68,6,11,36,85,86,114,
4100220518,21,1536082171,12,17,86,119,7,53,67,73,75,13,82,88,114,
4061323121,None,1534337339,5,41,83,113,21,42,52,74,120,88,114,
4188346702,21,1540586997,2,14,30,74,6,7,9,64,110,22,71,105,
3883301012,21,1526100259,26,54,62,70,9,22,88,95,107,52,
1982939401,None,1449378445,13,48,65,79,7,8,25,75,97,
3335358003,None,1500986241,22,27,30,34,2,67,74,75,97,
3518521525,20,1508760896,15,16,45,86,23,29,32,63,76,
3380835151,None,1502893628,20,45,84,90,92,93,99,107,114,
3759556689,21,1519963361,1,11,64,86,5,14,41,44,97,79,
3977248752,21,1530179385,11,51,56,119,2,20,48,105,114,38,54,101,
1972596291,None,1448977203,3,25,60,72,11,28,86,106,112,
3961988634,21,1529423240,19,47,62,67,59,68,89,93,110,22,
3198259309,None,1495483533,5,39,86,95,8,26,74,97,107,
3467184236,20,1506427811,31,35,36,41,19,32,44,72,85,
4116239308,None,1536864714,26,44,119,121,12,14,22,74,86,1,4,17,
2238725796,16,1458561000,7,28,97,111,20,41,67,74,86,
1960398697,None,1448522110,7,28,62,67,1,20,32,46,107,
4184376125,None,1540384088,67,74,101,107,11,41,50,82,112,34,114,
1664999160,None,1437996860,1,4,53,86,14,19,22,74,85,
3939627492,21,1528446902,10,22,64,100,27,34,48,69,101,23,61,
3183912712,None,1494935012,75,86,93,106,4,5,13,20,87,
1651427898,None,1437541778,22,74,84,86,20,25,47,71,99,
1971629815,None,1448937319,21,25,50,59,1,11,33,69,86,
2249035878,None,1458934863,39,74,105,111,8,22,86,107,110,
3940353898,21,1528470714,12,51,72,91,21,34,41,62,100,76,105,
3341939038,20,1501265809,36,70,84,107,22,49,53,83,95,
3687261655,21,1516350809,3,74,97,107,7,11,54,69,86,
4184889838,21,1540404212,26,83,96,121,3,11,22,42,114,34,74,
3357684491,20,1501945759,14,17,83,88,4,28,81,86,91,
3827823604,None,1523461836,5,35,41,101,64,79,92,107,114,62,76,112,
3299694120,None,1499486930,34,48,51,66,3,7,59,82,111,
4132870394,21,1537689870,50,63,74,107,7,11,14,15,86,121,
3172107969,None,1494527892,8,26,62,88,12,16,22,87,103,
3273950417,20,1498419778,18,47,87,107,7,13,23,75,93,
1958094152,None,1448424226,21,28,62,86,1,7,11,25,68,
3318758242,None,1500275829,7,39,71,86,20,35,41,51,88,
3654514625,None,1514815014,12,26,65,84,5,14,22,28,81,
2612625029,None,1472646261,17,18,32,87,26,28,71,74,93,
4058206967,21,1534167975,5,40,42,46,7,11,63,101,114,83,110,
3693132723,21,1516609590,34,69,75,103,11,23,54,86,120,
4045699368,None,1533557290,5,6,39,114,4,7,12,14,26,1,32,
1668791711,None,1438138146,14,17,26,85,4,45,74,75,100,
1987671717,None,1449558001,74,87,103,112,3,9,41,64,79,
3518132232,20,1508744093,16,77,84,97,14,20,49,56,107,
4204607325,21,1541404237,66,68,97,114,7,41,65,74,93,81,
4114156836,None,1536760979,14,32,71,74,5,12,56,83,84,1,114,121,
4007261722,21,1531662699,5,21,92,108,36,39,64,106,114,4,14,61,
1967452657,None,1448776898,55,81,107,112,2,19,28,50,59,
1955469700,None,1448305477,34,59,62,63,7,9,22,72,100,
3174002027,18,1494609511,5,83,97,109,1,32,51,53,76,
4101172349,21,1536140671,3,43,61,121,5,7,63,67,99,12,70,
4171604547,21,1539692997,32,36,98,121,14,21,29,48,111,67,105,
4113726161,None,1536744412,58,74,107,120,4,7,50,61,70,42,56,
4181098522,None,1540197202,28,61,64,110,11,14,69,92,121,74,88,
1986216351,None,1449494684,5,7,8,100,19,21,26,28,112,
3198115421,18,1495477039,2,18,30,64,5,14,46,88,109,
3865338006,None,1525422368,26,39,52,72,11,12,51,60,79,16,88,114,
2060369471,None,1452144331,66,93,107,110,19,50,53,57,74,
4009893602,21,1531812211,21,37,46,48,14,22,64,67,74,12,62,76,82,
3233046941,20,1496941799,14,26,74,82,13,17,68,93,100,
4099047162,21,1536024531,3,10,19,121,12,23,27,63,88,58,114,
1960075355,None,1448505533,8,21,28,69,7,11,30,57,81,
3200580849,18,1495601767,26,39,84,104,5,13,25,28,99,
3537616645,20,1509624496,6,27,91,119,20,31,47,96,120,
3170137609,18,1494440176,11,51,71,93,27,44,88,98,107,
3479134498,20,1506957807,30,55,81,107,7,9,34,44,75,
3640878731,21,1514213742,11,20,87,94,5,16,25,79,120,
4049867856,21,1533755729,4,17,22,107,14,19,21,34,70,54,88,114,
3346317992,None,1501434357,26,39,90,99,22,25,40,42,68,
3479047167,20,1506955004,31,36,41,88,13,68,69,74,95,
3318682961,None,1500272713,4,13,36,100,6,39,68,81,88,
1360707195,5,1427704067,75,95,99,102,10,11,25,32,44,
3849006507,None,1524581480,14,25,32,71,27,33,41,74,86,76,
4207821893,None,1541582029,49,88,103,119,34,63,75,78,100,109,114,
3701900620,21,1517041291,11,27,70,86,65,72,85,88,97,
3945868509,21,1528708989,41,46,79,101,10,11,51,86,107,114,
3492922839,20,1507574946,22,31,81,88,7,32,36,41,69,
1988169796,None,1449576295,8,26,88,112,5,55,84,93,106,
3806170147,None,1522344100,71,76,110,120,7,74,84,87,114,1,34,62,
1957650280,None,1448395137,28,58,86,93,4,7,39,69,80,
3695770850,21,1516732865,27,34,62,107,15,35,49,86,100,
4183271618,21,1540312577,13,22,36,88,34,45,77,100,101,32,74,114,
3324344221,20,1500526563,4,15,22,60,11,14,27,80,106,
3529187782,20,1509262818,19,61,86,96,1,13,26,41,90,
3828986957,None,1523534331,2,20,32,41,1,11,40,75,91,71,76,120,
3689256454,21,1516439490,1,68,97,111,34,59,104,113,120,
3316205070,None,1500173525,4,41,71,86,2,31,36,39,83,
3509203940,None,1508338474,15,45,86,107,4,9,26,93,100,
4168798235,21,1539527248,5,6,36,51,9,26,28,47,56,61,114,
3204068105,18,1495751454,2,5,25,70,7,11,14,99,109,
3690026807,21,1516464164,26,47,80,90,8,74,86,88,97,
3518743618,20,1508767963,26,61,78,114,19,32,34,40,87,
3505001239,20,1508140128,26,31,97,106,51,75,81,82,112,
4178117426,21,1540047318,6,30,96,121,7,25,26,33,95,59,114,
1997480384,None,1449930541,46,71,86,102,21,25,50,74,106,
2165583668,None,1455981357,26,50,74,80,27,57,67,76,105,
3529630837,20,1509277668,36,87,88,93,1,26,34,39,53,
4099383441,21,1536048522,73,85,95,119,20,59,63,74,121,9,36,67,
1988645100,None,1449588405,28,30,41,109,7,11,16,26,93,
3685618553,None,1516269417,21,71,93,120,3,11,13,28,95,
3347394123,20,1501492012,71,74,78,86,7,27,39,44,70,
2384372946,None,1464024054,20,49,56,68,1,34,50,99,110,
3472962455,20,1506699708,30,33,84,92,27,31,35,45,63,
2233108277,None,1458377382,26,46,101,110,7,22,62,67,74,
1990450290,None,1449666198,21,60,69,86,23,31,54,106,110,
3755744689,21,1519745882,14,49,64,74,34,40,71,105,109,
1671825847,12,1438241544,7,25,49,56,4,16,20,22,60,
4088965725,21,1535567144,61,72,75,121,12,32,56,63,119,58,83,
4218595449,21,1542149808,5,25,84,109,19,50,59,71,114,61,121,
3782412714,None,1521128975,41,76,100,111,10,13,69,86,109,29,62,88,
3560360239,20,1510596676,41,50,51,82,13,39,64,81,86,
1973907451,None,1449039800,28,46,56,57,7,11,50,59,100,
4100765313,None,1536121635,17,21,52,85,19,30,70,73,119,32,
3883405009,21,1526103612,5,85,88,114,26,54,57,74,86,
4139579094,None,1538039866,11,30,42,121,8,73,85,89,101,4,22,
3496857986,None,1507784595,17,27,38,107,1,11,14,33,99,
4012484564,21,1531938779,12,21,25,83,6,22,46,64,92,34,67,77,
1986311967,None,1449497071,23,74,93,104,11,20,29,48,50,
3320334627,20,1500343867,4,7,27,72,18,37,55,74,107,
4088199882,21,1535543403,9,34,83,119,11,12,21,42,107,61,88,121,
3491103663,None,1507483745,31,41,59,111,6,42,45,62,75,
2248926716,16,1458931357,1,22,25,75,7,43,67,74,100,
4186240943,21,1540483743,2,59,84,91,19,26,98,112,121,12,22,67,
3789476439,21,1521460110,1,17,86,119,7,49,67,88,114,4,82,104,
3499703898,20,1507914366,31,92,101,102,18,20,26,72,98,
3507758231,20,1508260985,30,71,106,114,9,40,61,100,112,
4173222631,21,1539784959,22,27,35,91,21,74,88,106,112,61,121,
3642885744,21,1514301930,8,11,108,111,16,18,21,27,34,
1647568016,None,1437404807,19,30,46,112,1,26,34,42,72,
2011152871,None,1450438396,7,39,67,74,3,22,32,73,100,
1946208306,None,1447966679,18,39,110,112,5,8,21,28,62,
1955569381,None,1448309785,10,11,20,97,7,18,50,73,112,
3779321991,21,1520959550,32,54,74,86,14,15,19,97,105,1,39,63,88,101,
3180346608,None,1494825991,4,23,25,104,14,74,86,88,95,
3347285018,None,1501487663,23,84,86,108,5,71,74,97,106,
3201642673,None,1495640784,11,20,57,87,2,7,23,25,72,
4059684335,21,1534250687,5,67,76,102,1,7,34,42,79,61,82,
3189306862,18,1495124085,32,39,55,57,2,5,11,41,86,
2127639494,None,1454595320,20,23,27,80,16,26,28,74,93,
2094623183,None,1453392531,22,66,75,106,9,10,41,57,82,
2233021591,None,1458375041,14,30,74,110,22,53,62,90,93,
3846757864,None,1524459156,26,49,88,119,14,32,34,72,93,76,120,
3530373530,20,1509302924,25,27,83,104,7,8,62,74,78,
3846700068,21,1524454805,26,76,100,102,3,10,11,107,108,14,74,
1974059299,None,1449046375,7,21,43,69,28,86,94,100,106,
3741210461,None,1518978157,22,26,27,54,13,14,29,64,114,
3788370184,None,1521394904,1,74,86,100,11,26,28,85,94,34,88,112,
2087666157,None,1453123297,7,50,58,74,9,22,62,72,107,
3520027703,20,1508835350,52,64,75,98,4,11,23,44,114,
4160975310,21,1539111915,4,68,73,121,7,22,63,70,75,34,82,96,114,
2011665718,15,1450450219,1,69,86,100,3,20,51,97,106,
3560044235,20,1510584163,9,39,85,119,7,19,27,32,51,
4198456515,21,1541101286,9,35,84,111,2,26,27,63,114,19,56,
3710069828,21,1517421860,19,39,77,101,8,11,57,85,100,
3861072115,21,1525198238,64,74,84,86,10,11,13,14,26,34,67,
1985774005,None,1449481219,26,92,97,104,11,12,59,86,88,
2241101582,16,1458649369,41,74,79,87,8,39,57,107,110,
4038604314,21,1533229306,5,8,47,62,19,42,76,83,119,34,108,114,
1973962978,None,1449042324,7,18,59,75,21,67,86,100,112,
4183742204,21,1540346887,13,26,63,121,7,10,86,109,119,82,114,
3960321311,21,1529337040,21,39,41,64,17,83,101,114,120,12,44,119,
1495151175,None,1432378984,39,52,84,96,26,41,93,105,106,
4101017935,21,1536134128,5,19,22,121,7,34,40,67,75,42,73,102,
2023243437,None,1450865616,6,31,57,76,8,64,74,90,113,
3646852982,None,1514478337,20,72,90,99,4,14,21,68,95,
4192043469,None,1540749148,5,12,70,84,22,40,93,97,112,1,34,
3347211141,None,1501484475,7,14,19,26,5,30,56,76,98,
4197520189,21,1541062936,21,102,110,121,44,45,59,83,119,1,19,
1361179970,5,1427717875,17,38,42,101,20,33,35,51,95,
3324262188,20,1500521853,7,29,44,90,1,14,34,51,83,
3499781564,20,1507917280,45,64,107,114,31,53,71,95,97,
3744336250,21,1519149980,12,14,26,39,3,7,54,71,98,
3826272840,None,1523375470,3,8,16,120,14,23,64,100,101,19,47,77,89,
3336611521,20,1501046519,3,22,73,106,7,12,20,32,57,
3320408027,20,1500348348,4,16,33,57,14,17,54,87,108,
3953205719,21,1529037885,5,39,67,100,16,17,52,91,93,87,109,
3836497128,21,1523907003,20,41,63,82,4,9,48,85,100,76,104,
3468977929,20,1506513704,25,86,110,111,31,72,81,98,101,
3304249039,20,1499657599,1,5,28,104,20,62,70,74,87,
4114631594,None,1536780963,2,25,86,119,4,20,74,84,99,39,96,
3713368176,21,1517591266,11,62,76,87,20,29,35,50,72,
3517216405,20,1508690301,47,68,81,111,3,7,32,43,98,
4232554251,21,1542863463,50,54,80,88,21,26,28,84,86,20,63,109,
3981507706,21,1530372883,43,51,54,119,2,9,34,85,101,60,76,114,
2305921878,None,1461081651,1,36,57,86,19,47,58,76,88,
3513130530,20,1508526915,10,17,107,111,21,25,27,79,114,
3690136076,None,1516467758,34,84,90,97,11,20,26,47,56,
3530041321,20,1509290113,31,82,88,107,1,9,26,75,92,
1974132254,None,1449049324,19,28,45,100,7,8,22,30,55,
3684339681,21,1516198155,8,21,27,34,2,23,26,74,82,
3541419271,20,1509775642,1,7,88,111,37,44,47,105,119,
3938594948,21,1528387966,39,64,93,96,13,21,38,54,101,34,77,91,
3676041762,21,1515821144,11,44,50,120,8,14,22,51,86,
3316457737,None,1500183790,17,55,64,107,36,70,74,83,86,
3337462349,20,1501077876,5,6,21,95,7,8,27,33,82,
3955324058,21,1529131414,21,22,37,83,25,26,48,85,96,12,62,
3562098817,20,1510681195,1,62,86,97,19,26,51,60,106,
3706178217,21,1517229658,16,77,86,89,13,31,35,98,112,
3675141048,None,1515774629,1,28,64,84,5,17,44,99,100,
3297179681,None,1499368762,17,23,55,75,13,18,28,87,104,
3805976205,21,1522336990,13,83,91,120,2,10,11,37,114,1,34,
3882533157,None,1526066801,28,35,74,101,14,22,87,93,104,34,76,
3490471387,20,1507463532,7,16,20,97,84,86,93,95,110,
3522180306,20,1508939902,71,74,97,111,48,54,69,79,82,
3801113995,21,1522057895,37,47,88,114,19,46,62,100,119,1,76,
4136395090,None,1537863157,12,14,34,91,25,53,63,95,110,32,
2042447511,None,1451514941,28,30,46,71,7,22,50,67,74,
3267045289,20,1498156684,5,16,18,76,25,71,86,93,102,
4110703555,21,1536581978,58,62,70,74,7,17,26,67,120,121,
3523769817,20,1509019978,45,58,84,107,9,23,31,53,106,
4205324376,None,1541432447,40,44,62,64,30,32,74,84,109,114,
4143672912,21,1538238596,26,36,74,107,14,23,25,35,109,12,
2027544369,None,1451029540,25,44,71,113,14,26,74,80,86,
1409443665,None,1429441176,8,26,39,95,14,22,35,93,99,
3341877147,None,1501263427,2,8,26,112,14,44,48,57,76,
3704407669,21,1517142573,27,76,84,114,20,41,57,66,74,
3520507939,None,1508853593,31,33,74,99,2,17,27,32,56,
3236095490,None,1497029485,7,25,74,90,8,11,53,83,84,
4151345250,None,1538639015,10,47,85,112,14,34,63,75,100,5,74,114,
3507608571,20,1508255001,46,48,57,85,5,18,35,44,88,
1957932873,None,1448413580,39,71,97,101,1,21,69,85,87,
4025074540,21,1532599582,1,5,14,25,55,59,64,85,106,34,83,
3181365064,18,1494855038,8,74,86,114,5,11,63,83,88,
4038757236,21,1533236640,5,82,95,100,14,15,23,34,83,36,114,
3505394764,20,1508156082,25,31,81,105,22,69,90,96,100,
3245696194,None,1497341963,5,7,15,46,28,54,71,75,106,
2359273914,None,1463125044,13,51,53,87,9,20,41,44,60,
3824113445,None,1523265232,11,44,68,86,2,14,32,50,59,36,41,49,
3780885152,21,1521044113,5,11,72,100,15,46,87,103,114,1,34,
3201442958,None,1495634908,5,49,67,71,1,9,26,28,98,
4155738463,21,1538847540,20,22,32,71,4,9,11,38,83,105,
3758949700,21,1519922015,2,30,89,109,9,62,67,75,114,
1752011595,None,1440790946,33,39,62,100,16,48,52,71,75,
2658380346,17,1474425815,10,57,65,86,1,20,34,97,107,
3187145179,18,1495031101,11,42,89,106,1,2,5,7,76,
1971589857,None,1448934633,25,50,55,100,26,39,71,72,110,
2256455014,None,1459186041,22,53,67,100,62,66,74,80,106,
3792236034,21,1521618665,11,48,84,86,6,26,58,60,76,88,104,
4186150467,21,1540480217,5,8,23,111,14,39,42,67,75,32,
4201795572,21,1541262651,22,27,36,112,5,9,45,99,110,34,95,114,
2384258517,None,1464020516,4,40,69,86,13,26,53,73,111,
3322795640,20,1500455745,13,30,102,114,7,41,106,107,111,
1360963617,5,1427712148,16,46,90,98,8,21,25,60,88,
3842348908,21,1524241430,5,8,30,45,16,31,72,87,119,41,76,
3524005957,20,1509026850,5,10,53,62,4,7,25,51,72,
3783383040,21,1521188229,18,49,62,86,12,19,22,75,88,76,
4115727344,21,1536845360,5,34,52,120,2,14,35,64,70,56,121,
3835935046,21,1523883068,13,86,92,107,5,7,23,26,44,19,
3266958309,None,1498153100,28,30,88,95,14,16,31,46,93,
1973762470,None,1449032642,7,60,74,112,8,28,87,100,106,
1960202874,None,1448512635,50,67,87,88,7,21,26,28,56,
3955413673,21,1529134782,21,34,37,99,11,38,41,64,101,83,88,91,
4245526746,None,1543501351,26,31,44,78,54,74,84,86,89,82,
3708142301,None,1517325866,48,75,86,120,3,9,34,93,97,
3893302505,None,1526448254,21,71,74,88,5,23,36,69,82,32,76,
1973420225,None,1449008489,28,31,37,74,12,32,52,93,100,
4058307722,21,1534171249,61,69,70,100,36,41,42,74,86,83,114,
4121574948,21,1537108417,7,17,33,63,5,19,41,62,74,102,
3836045866,21,1523886972,27,69,107,119,32,39,71,93,102,8,54,
3980562490,None,1530338961,17,32,48,64,9,14,49,74,79,68,82,
3492081444,20,1507542789,25,31,36,83,44,57,75,112,114,
4184500082,None,1540388492,19,26,102,119,6,20,56,94,110,
2023176764,None,1450863195,29,57,93,100,3,14,28,72,73,
3197363017,18,1495453724,2,8,14,85,17,18,23,47,97,
3856930797,None,1525015025,42,46,60,91,2,14,16,93,105,22,74,112,
3840075310,21,1524123667,26,27,71,93,30,34,52,62,88,1,104,
3503963127,20,1508083589,40,86,97,111,13,22,32,85,114,
3780457375,21,1521028345,7,14,19,86,20,29,34,50,109,105,112,
1957765408,None,1448401281,5,9,55,56,21,28,50,59,67,
3684677902,None,1516211942,6,30,65,120,7,8,21,75,114,
2244124935,None,1458755554,9,20,25,76,14,74,89,96,104,
3983493876,21,1530460628,4,32,68,86,5,17,21,61,70,
3688254005,None,1516387238,7,72,75,120,4,48,86,90,103,
3688142990,21,1516382691,5,34,41,66,7,11,19,35,88,
3888773167,21,1526272982,16,25,27,85,15,30,47,98,105,92,
3755661807,21,1519742701,47,99,100,111,3,8,51,82,87,
3508857089,None,1508326990,17,27,31,53,7,8,37,72,87,
4088509618,21,1535551878,17,75,100,121,3,12,19,73,119,36,88,
3204370636,18,1495772707,16,48,73,79,27,28,46,86,109,
4130089393,21,1537560150,6,23,27,101,21,61,67,88,121,4,74,83,
3563000722,20,1510739354,9,11,20,101,7,39,44,75,88,
3218905212,20,1496359610,7,46,86,93,5,11,52,71,99,
1966927216,None,1448752216,9,11,42,107,6,20,21,69,74,
2022439785,None,1450827012,22,71,74,100,3,18,19,25,26,
4168575373,21,1539520244,63,74,79,86,3,14,36,106,114,99,
4110509994,21,1536574313,12,19,61,107,42,64,82,83,106,63,121,
3865409401,21,1525425654,34,48,79,100,12,23,84,86,120,25,51,62,76,
3900021258,21,1526711764,10,14,25,50,11,20,77,99,100,41,
3784267533,None,1521220823,10,19,26,111,13,76,83,87,109,61,119,
4103194622,21,1536236688,61,63,74,121,7,19,27,70,72,67,119,
3272647580,20,1498379997,1,20,71,90,5,7,17,30,54,
3951259557,21,1528947708,34,44,52,97,4,21,38,48,87,76,77,
3335038738,20,1500975208,57,74,83,84,6,33,35,66,71,
4143536531,21,1538234084,6,26,36,68,7,32,45,74,80,
4127336629,21,1537429085,42,74,114,121,7,19,25,56,64,63,
3534905653,20,1509524647,50,81,100,114,7,9,26,36,86,
4022480171,21,1532450418,5,12,22,62,2,14,56,64,93,36,61,88,
3936883537,21,1528302998,52,64,66,120,4,27,34,60,110,76,91,
4008333991,21,1531727455,5,28,39,44,22,25,36,64,67,37,83,
4201503269,21,1541253540,5,9,22,33,1,7,21,74,97,6,63,114,
3202533808,18,1495690749,2,20,52,95,39,44,51,98,110,
1957587788,None,1448392383,7,9,39,97,11,19,28,86,112,
4201586955,None,1541256031,30,36,74,110,8,45,79,120,121,32,54,75,
3652804674,None,1514735125,44,76,86,100,11,27,41,88,107,
1360634583,5,1427701569,6,21,57,112,20,26,49,95,96,
3325433373,None,1500564842,11,20,50,75,7,26,34,44,83,
4093229953,21,1535748577,17,20,51,121,5,7,12,74,101,42,67,
1731811630,None,1440155939,20,33,46,65,11,21,26,39,100,
4086583626,21,1535468909,5,6,25,121,11,42,67,85,100,17,61,82,
3324642958,None,1500540105,27,82,86,93,34,60,64,107,114,
2325910414,None,1461852628,17,51,57,75,5,9,12,44,84,
2025449963,None,1450948820,8,28,62,100,1,11,31,84,98,
3671237869,21,1515585974,11,17,71,86,35,51,64,98,120,
3847511235,None,1524495611,64,76,87,95,14,20,32,74,110,34,45,
4040679956,None,1533327405,6,9,42,119,11,60,100,109,114,1,61,
3828694084,None,1523520177,5,8,87,120,46,91,95,97,119,1,34,
3792057387,21,1521608031,62,74,86,97,8,13,14,25,28,1,90,101,
3977131939,21,1530174107,10,45,119,120,2,14,37,44,113,11,
4229986705,None,1542730526,9,50,56,84,31,42,86,88,97,93,121,
4116336920,21,1536870950,5,34,70,119,7,9,56,61,75,12,82,121,
3465859039,None,1506360187,6,23,31,59,22,44,67,104,112,
3515079002,20,1508605049,10,71,80,107,2,9,61,81,102,
3757413180,21,1519837467,3,32,47,109,23,48,83,89,112,34,
3673658235,21,1515702421,74,84,100,120,11,19,27,64,69,
3958303399,None,1529246667,44,45,83,101,15,21,26,46,60,62,82,
3533553978,20,1509457521,1,9,13,84,4,14,27,53,114,
1994922781,None,1449844534,21,85,90,100,7,28,72,73,112,
3801309281,None,1522066271,5,74,80,107,11,14,42,70,99,47,88,101,
3897501052,21,1526614284,53,88,109,120,1,17,26,40,60,14,32,61,
3342562851,None,1501300175,47,51,102,103,8,17,62,97,107,
1972312595,None,1448969254,7,11,20,100,66,73,74,97,112,
4147393440,21,1538415056,11,32,86,121,7,25,27,78,114,63,88,
1960246737,None,1448514856,16,28,46,112,8,10,26,39,100,
4124669341,21,1537276938,21,25,45,87,1,23,38,110,121,19,
3482209029,20,1507110982,22,62,81,111,5,18,55,65,101,
3211033655,18,1496037514,13,26,51,95,8,16,46,64,86,
1986531238,None,1449502785,3,28,58,74,1,21,50,97,112,
3859073304,21,1525111400,27,74,91,120,9,11,54,75,97,38,76,
3887587785,21,1526222462,15,26,29,87,10,23,51,74,79,34,106,
4109652273,21,1536519091,5,12,74,119,7,42,63,73,121,19,58,67,
3339731469,20,1501173594,48,53,84,102,4,11,25,60,79,
1963795784,None,1448645916,28,46,50,86,11,19,29,68,100,
3471383409,20,1506624193,4,5,14,58,1,9,75,99,107,
1946154615,15,1447964028,11,69,90,107,14,21,28,73,86,
2125532057,None,1454512389,8,58,75,100,22,53,67,83,88,
3958776250,21,1529264621,1,16,22,27,8,26,46,101,110,
3694819749,21,1516695016,74,75,100,107,9,11,20,48,98,
4145818291,21,1538333895,20,78,87,94,17,28,45,56,111,12,34,44,
3830963301,None,1523635204,5,11,86,110,27,45,53,69,74,76,
3799609664,21,1521980124,11,16,27,63,20,23,34,44,110,1,82,104,
4218203612,21,1542125101,27,31,34,36,2,35,63,74,86,61,114,
1972229514,None,1448966449,7,11,28,87,4,26,91,100,106,
3972117090,21,1529917415,3,13,52,89,2,25,93,101,119,61,77,
3983686096,None,1530469222,52,88,113,119,17,26,31,44,51,12,
3936994100,None,1528307519,21,23,52,92,6,14,47,49,72,22,
3990880566,None,1530849980,14,55,61,62,9,28,34,100,109,32,74,
3336559487,20,1501043722,23,39,86,88,33,76,99,107,113,
3990166822,21,1530806143,9,52,87,89,12,16,39,83,119,2,34,
3943900224,None,1528623350,15,25,26,51,7,29,34,48,87,76,88,
1988394914,None,1449582091,42,75,100,106,11,50,72,85,86,
3477115303,20,1506866938,31,32,70,93,7,14,61,80,102,
3475228701,20,1506791475,36,73,107,112,6,14,33,61,114,
4091115820,21,1535659772,18,20,106,121,9,31,73,82,83,21,63,
3545908560,20,1509943343,67,71,119,120,8,60,76,86,110,
4253860621,21,1543913953,10,30,34,100,16,17,21,56,86,1,23,93,
1981124263,None,1449317747,3,11,104,112,8,26,28,39,73,
4033426236,21,1532973387,5,6,9,87,12,27,45,56,85,67,74,114,
3847055765,None,1524477491,1,74,79,88,34,64,86,95,107,32,76,
3348901875,20,1501558435,75,81,82,86,23,33,41,74,93,
3033614303,None,1488607631,23,30,33,41,1,86,87,89,98,
3522524505,20,1508952453,17,84,104,111,5,7,57,68,114,
3682511429,None,1516105911,18,39,107,114,6,14,25,35,98,
3576185741,21,1511359324,30,60,74,108,3,14,15,35,63,
3778483696,21,1520926845,15,16,34,60,25,27,57,100,109,62,76,88,
4056956639,21,1534097046,5,77,98,119,12,14,23,30,97,4,102,
4198429374,21,1541099874,9,11,84,111,34,63,83,109,112,2,74,82,
3967398338,21,1529694936,9,33,103,120,6,16,46,51,68,34,71,
3973734268,21,1530001171,35,64,68,119,14,22,67,108,112,32,88,
4197430056,21,1541058119,9,45,83,121,19,30,36,56,88,73,104,
3198052192,18,1495474508,18,20,75,98,13,14,87,93,97,
3092028294,None,1491071536,2,8,11,88,27,44,90,93,107,
3380521272,20,1502885270,65,71,90,109,10,14,17,42,112,
4058408611,21,1534174901,58,86,113,114,29,36,70,74,119,22,
3992612143,21,1530936852,9,87,89,92,5,8,16,17,22,32,34,75,108,
3172974726,None,1494578465,5,62,74,109,32,34,70,86,98,
3195675421,None,1495375916,3,28,74,104,29,63,67,84,99,
3779979692,None,1521003193,15,39,101,107,2,5,11,18,80,74,99,112,
3892250840,21,1526397884,19,38,52,100,11,21,28,91,113,88,
3879950630,21,1525974691,16,34,87,93,11,14,19,60,64,
1955202403,None,1448295930,20,39,104,110,7,16,21,69,106,
3318635987,None,1500270495,86,91,97,114,4,7,59,71,83,
3944375980,None,1528637538,26,37,49,88,16,25,38,86,95,13,
4103730736,None,1536257518,4,20,95,119,9,27,44,83,114,121,
3266883131,None,1498150313,5,7,74,104,3,13,15,51,65,
3779483564,21,1520967004,14,20,74,86,1,11,51,84,101,57,88,112,
3972872639,None,1529945628,21,44,84,120,10,17,37,45,60,76,93,
3852827010,21,1524816528,14,34,59,86,10,11,22,75,101,1,12,74,
2057704516,None,1452036458,28,39,50,100,7,8,12,62,86,
3323400102,None,1500475441,23,37,90,109,12,74,84,86,101,
3269045692,20,1498237744,36,40,69,109,39,55,63,83,84,
3855224039,21,1524934834,16,27,41,119,21,74,91,104,109,34,48,
4099350172,21,1536046569,12,42,49,53,7,20,34,63,80,
3565108346,20,1510840807,21,64,73,107,13,28,44,105,119,
3461569928,20,1506182335,1,31,71,88,11,41,65,83,111,
4104116811,21,1536286682,20,21,70,82,5,22,23,56,58,67,121,
2088371476,None,1453143535,20,39,74,87,7,10,19,41,91,
3531107646,20,1509348180,20,60,88,111,9,27,44,59,74,
3937759352,21,1528358074,8,39,88,110,2,22,37,74,95,16,94,114,
3505577085,20,1508161839,14,64,100,113,5,21,37,74,114,
2600957675,None,1472235310,6,7,10,108,22,23,53,93,112,
3999744923,21,1531292909,23,46,83,88,5,14,39,67,105,34,61,114,
3986819598,21,1530635175,7,78,84,114,9,30,42,76,101,22,
3800931586,None,1522048796,35,68,86,114,21,22,25,76,107,88,119,
3653076787,None,1514745611,27,35,94,100,14,32,76,109,120,
4107139863,21,1536419432,25,61,86,121,7,19,26,63,112,119,
1695154945,None,1439008049,7,9,17,32,21,33,52,67,86,
1977979712,None,1449211178,21,68,75,98,5,7,47,74,106,
3333842222,20,1500912820,18,55,84,90,39,44,50,76,111,
4101837042,21,1536162087,2,7,31,111,5,53,74,85,110,9,14,17,
3910603488,21,1527145842,7,21,22,89,4,25,30,41,103,34,
3779235357,21,1520956246,19,84,86,88,9,39,44,87,107,34,35,63,
4128223022,21,1537466346,5,11,41,121,8,9,83,86,104,4,82,114,
4215050808,21,1541946958,10,34,107,111,9,74,95,100,121,12,
4130005539,21,1537555899,20,39,99,119,14,33,47,92,104,22,121,
1693581080,None,1438954436,60,88,97,105,7,17,21,56,68,
2250562629,None,1458992563,7,14,22,87,11,25,86,93,104,
4206899967,None,1541519202,14,26,45,114,10,29,36,87,101,1,32,67,82,
3745883539,21,1519237988,51,58,93,110,9,18,34,49,54,
3687035500,21,1516339487,26,49,51,119,8,14,39,86,88,
3250177805,20,1497516891,13,51,60,86,7,39,70,83,87,
3559939264,20,1510580746,21,70,85,86,13,30,41,83,97,
3744289561,21,1519147758,5,11,51,106,30,40,56,95,100,
3227771783,None,1496717202,60,76,88,106,65,75,82,84,98,
1980400235,None,1449297595,11,87,97,100,17,42,73,86,99,
3197767033,None,1495465014,32,39,86,109,18,57,62,64,74,
3985009864,21,1530541841,3,8,22,100,5,9,25,36,83,
4109093494,21,1536499567,17,20,27,121,58,63,83,119,120,74,94,
3929642749,None,1527968761,26,34,37,120,11,16,41,96,101,32,88,
3495532971,20,1507717940,14,63,70,71,7,25,86,95,107,
3574921354,21,1511287641,26,63,82,107,7,11,98,100,112,
3840680897,21,1524150003,5,17,86,108,7,11,15,88,120,76,
1960344460,None,1448519602,21,39,62,86,25,32,69,107,112,
4219737659,21,1542214135,2,7,25,109,10,36,70,84,86,19,63,
3199409041,18,1495541709,5,39,84,95,11,20,51,75,107,
2245694014,None,1458821277,26,56,58,65,5,28,46,66,70,
4208219601,21,1541598864,65,109,119,121,7,9,34,62,106,12,114,
3846029420,None,1524411456,13,26,100,109,18,20,28,40,64,74,105,
3331448539,20,1500811791,74,86,102,107,5,77,79,104,114,
1971923064,None,1448953887,7,11,55,86,28,39,56,62,69,
3786047514,None,1521301303,72,82,88,119,15,30,39,78,100,19,62,
3693956610,21,1516641592,26,34,45,71,11,22,27,88,95,
1360455349,5,1427694568,7,17,51,87,35,57,75,99,107,
3971212012,None,1529860987,17,22,30,101,1,11,14,21,120,74,
4252998109,None,1543855488,16,39,86,119,13,14,40,41,71,31,88,121,
4199941009,21,1541177693,22,59,66,74,14,75,90,106,119,32,61,114,
4252290076,21,1543827351,2,10,30,107,21,31,44,97,100,63,99,
3824043320,None,1523261584,9,11,81,111,19,27,44,97,119,46,74,
1966794373,None,1448745631,7,21,97,112,11,28,85,86,106,
3203978220,18,1495744838,5,46,101,109,11,26,32,55,93,
1954636075,None,1448280697,16,21,69,112,7,39,63,73,100,
3191582142,18,1495219607,18,74,97,111,37,46,71,88,95,
2015074854,None,1450556331,7,22,56,100,1,28,74,84,86,
3529367534,20,1509268896,26,43,74,88,14,65,72,106,107,
4088830433,21,1535561735,6,20,25,119,9,42,64,67,112,77,121,
1556935496,None,1434460466,21,45,74,85,1,51,55,72,86,
1664876627,None,1437993513,4,5,7,39,25,31,56,93,100,
4102038151,21,1536170175,12,58,74,88,7,34,65,109,119,45,70,
2125862068,None,1454522782,5,22,26,28,1,62,74,80,107,
3329794560,20,1500742865,3,8,92,107,32,36,49,93,97,
3296880482,20,1499357436,13,18,86,88,7,27,28,76,81,
3322946003,20,1500461353,38,87,108,113,7,13,17,70,75,
3742000697,21,1519029823,8,14,34,86,27,54,75,100,114,
3892108999,21,1526394543,7,15,74,89,26,53,64,76,95,49,62,
3709685832,None,1517407195,17,30,51,62,4,19,27,90,114,
3977198467,21,1530177158,16,34,114,119,5,25,41,100,104,92,106,
4230095985,None,1542734293,60,82,84,85,7,15,35,50,93,31,
3477422264,None,1506876639,7,21,86,114,9,27,40,58,59,
3267133541,None,1498160543,16,55,74,87,11,30,88,95,100,
1687865462,None,1438767439,11,36,50,97,51,52,75,86,94,
3348948648,20,1501561117,7,23,33,86,8,25,60,100,101,
4254474534,None,1543938217,8,47,50,86,1,22,31,96,100,95,114,
3226779018,None,1496670073,51,64,76,95,14,18,26,102,106,
3767196976,21,1520346730,9,10,14,106,8,43,78,86,101,26,105,
3473188069,20,1506707783,1,21,76,87,7,32,54,84,94,
3508693194,None,1508320116,13,14,32,85,22,40,60,61,68,
1955073070,None,1448292026,7,21,31,85,11,28,50,67,69,
3514837127,None,1508597881,7,37,59,107,11,18,23,71,104,
3510810737,None,1508422054,7,82,92,107,14,33,68,105,114,
3806804450,21,1522386433,5,11,21,107,8,16,44,74,112,34,54,
4183188264,21,1540309018,7,40,74,84,11,26,33,62,67,32,82,105,
3513838715,None,1508566148,51,60,86,93,6,7,14,74,78,
3859024141,None,1525109335,22,38,107,119,26,48,84,101,108,57,
3296986880,None,1499361141,13,87,88,108,7,14,16,40,70,
3741874916,21,1519023285,18,30,46,88,11,38,48,86,97,
4206726272,21,1541512885,2,45,61,119,8,23,34,50,84,14,
3485490366,20,1507267349,27,32,34,57,2,7,60,81,114,
2085444927,None,1453037884,45,73,85,86,28,43,46,50,113,
4162389642,21,1539195297,7,36,39,86,8,22,83,91,109,34,
4039437245,21,1533281861,5,9,70,112,14,35,42,45,86,102,
3320448173,None,1500350748,15,18,22,86,4,12,27,57,100,
1408138814,None,1429393732,9,82,86,95,2,25,39,63,84,
3998663664,None,1531230312,9,16,27,120,46,48,69,107,119,8,22,
3697541512,None,1516823662,67,74,91,111,26,34,62,77,78,
1954845184,None,1448286161,20,29,74,75,28,30,42,46,97,
3766759533,21,1520327670,43,56,111,119,16,17,22,32,44,74,112,
3923542574,21,1527698091,34,84,93,119,2,11,27,48,101,62,
2023737512,None,1450879256,1,22,30,104,25,43,69,74,86,
3226389726,20,1496657820,23,54,73,88,7,40,48,76,107,
2550025572,None,1470387477,32,70,82,86,20,22,39,54,79,
1999104040,None,1449988371,16,44,50,97,12,21,31,110,112,
4004600415,21,1531547289,26,34,62,97,5,22,45,64,109,88,
3204011779,18,1495746900,5,13,32,54,11,16,55,87,109,
1409284543,None,1429437149,2,5,95,101,12,19,31,65,75,
4056067310,None,1534065415,1,14,71,111,35,37,39,62,99,22,67,
3871501749,21,1525664096,64,92,103,108,14,26,48,65,106,32,76,
4032514327,None,1532940381,5,9,21,47,16,66,70,74,101,14,34,
2206517051,None,1457412988,5,6,14,88,47,58,61,69,93,
3903871733,21,1526836712,21,57,62,82,3,15,46,51,69,12,
3319529188,20,1500302937,22,66,93,100,16,27,36,63,99,
4135512395,21,1537804095,21,61,63,71,20,44,58,68,97,34,121,
1973715574,None,1449030188,3,11,28,100,46,69,106,107,112,
3928103825,21,1527917153,10,37,42,114,8,16,21,23,26,53,
3336508762,20,1501040775,23,39,56,71,36,44,48,97,106,
3260598129,None,1497890537,7,10,90,107,9,44,53,57,104,
3958739747,None,1529262811,46,80,86,101,14,22,33,57,99,
3957364608,21,1529216228,25,86,106,119,17,27,54,62,105,34,59,76,
4101668868,21,1536156932,6,20,58,119,14,26,32,94,99,67,74,
3170221352,18,1494443992,32,41,95,106,28,35,48,84,102,
3653197700,21,1514751382,11,86,88,114,8,27,41,82,100,
1955375301,None,1448301815,11,39,67,68,8,21,31,50,73,
4186062098,21,1540477052,21,86,99,119,9,33,82,95,121,97,
3671761062,21,1515606002,11,22,81,103,2,26,35,46,64,
3505712216,20,1508166102,32,45,80,107,31,36,59,86,98,
4175034971,21,1539887667,22,83,103,105,5,6,14,40,86,91,114,
3674253925,21,1515742897,13,19,86,88,3,11,48,84,85,
3573143667,21,1511194969,12,16,49,120,11,51,98,107,119,
3652021455,21,1514707352,23,48,57,79,11,59,60,62,111,
3978894416,None,1530261478,34,92,95,112,5,35,44,69,119,1,15,
3297054990,None,1499363686,4,64,76,83,13,39,62,80,88,
3803717624,21,1522226270,5,10,52,107,11,27,54,99,119,62,82,
3336825799,20,1501056221,18,46,83,107,13,27,56,74,84,
4085365285,21,1535425359,12,20,75,82,4,19,113,119,121,42,67,73,88,
4025914666,21,1532632039,31,36,85,110,14,16,23,43,64,47,67,
4105395905,21,1536340062,5,12,56,121,19,25,67,85,112,88,114,
3992777213,21,1530945008,9,87,89,92,21,34,44,83,119,14,22,77,82,
2600820579,16,1472231051,6,18,45,60,17,38,62,75,110,
1651498206,None,1437544345,7,21,52,112,12,25,45,51,86,
3186816930,None,1495022152,8,25,40,97,2,5,14,67,76,
2087885661,16,1453128677,7,21,88,100,20,58,67,74,107,
4063820445,None,1534485214,2,5,20,48,7,26,29,47,74,36,42,90,
4045434137,None,1533546653,26,39,61,71,5,7,11,36,120,22,114,
4001263984,None,1531373561,14,27,48,63,2,7,9,41,74,93,105,
3905227039,21,1526903547,6,34,79,88,16,64,74,93,120,62,82,
3493452835,20,1507612131,50,56,90,114,15,22,84,86,93,
3537884635,20,1509631544,91,107,108,119,11,31,71,81,98,
4208545946,21,1541611559,16,26,33,39,14,40,84,95,98,46,70,
4049608695,21,1533744011,7,12,36,64,14,26,42,73,98,83,
2250874631,None,1459000069,22,49,57,98,55,67,76,87,107,
3742694517,None,1519059671,69,74,86,113,2,11,18,21,83,
3351248987,None,1501666366,23,28,40,74,14,19,39,63,101,
3780223783,21,1521017414,49,52,64,119,22,44,51,79,84,2,88,120,
4182969587,None,1540301135,20,26,63,106,14,53,70,82,121,32,61,112,
2013489490,None,1450516809,21,58,66,111,11,16,18,62,106,
4040504028,21,1533318838,5,36,70,95,30,42,67,83,101,4,22,43,
1989806486,None,1449643056,5,72,74,97,14,20,28,93,112,
3792309846,21,1521622316,59,60,86,119,51,72,76,84,87,34,88,109,
3951494556,21,1528960064,6,79,91,92,8,26,34,49,101,11,74,
3318880123,20,1500282527,7,40,41,87,23,39,68,81,108,
4091570637,21,1535688707,6,19,22,58,56,70,83,86,121,67,119,
3754254499,None,1519662543,8,14,17,27,11,20,23,53,88,
3861905885,None,1525250062,11,88,90,103,16,22,34,72,73,68,74,
4099857111,21,1536068797,26,36,74,75,30,40,56,61,119,
3225298899,None,1496601491,23,39,90,109,2,21,67,74,75,
2108430401,None,1453897709,7,13,20,67,8,22,27,28,107,
1972036084,None,1448958852,9,16,28,46,11,38,72,86,90,
2003838476,None,1450168498,39,62,78,86,11,18,30,100,112,
3507664950,20,1508257142,3,45,83,98,64,69,74,77,84,
1955743685,None,1448320056,7,21,31,69,3,28,82,106,112,
3740907520,21,1518966049,11,51,64,106,14,34,54,71,108,
3353980448,None,1501787344,23,34,40,109,1,8,26,37,107,
2241822032,None,1458667917,14,41,74,75,9,13,15,18,86,
3877426446,None,1525881570,73,101,111,119,3,12,16,34,79,58,76,
3805804537,21,1522330857,62,76,86,98,15,19,64,92,111,12,
1990314316,None,1449662431,7,50,74,100,19,21,31,38,91,
3962609853,21,1529465320,37,62,72,106,12,25,26,78,100,10,41,60,
3932571891,None,1528103885,64,76,100,112,16,44,86,96,119,1,47,
4101400989,21,1536149160,20,58,67,103,5,6,17,57,86,61,
1991837958,None,1449727102,50,74,97,100,5,7,34,98,106,
3865462987,21,1525428074,41,85,98,119,12,45,52,64,120,10,23,33,
3299587388,20,1499481919,39,59,86,104,1,4,7,75,114,
3990833205,21,1530846561,27,42,64,98,21,26,75,97,114,4,
4249147741,None,1543676933,30,34,84,87,50,82,97,98,121,78,89,
3335852807,20,1501001913,14,84,90,93,18,63,86,88,95,
3827605205,None,1523454039,23,27,100,120,21,42,46,51,64,1,76,
3646011343,None,1514448855,34,51,76,100,11,19,41,62,86,
3520075412,None,1508837574,20,41,87,88,22,58,76,99,107,
3438156113,None,1505139606,67,79,102,114,1,7,9,45,99,
3826332115,None,1523377959,11,64,109,119,12,18,27,50,102,88,
3498107862,20,1507837222,7,78,91,111,5,17,37,57,76,
2060945223,None,1452165525,7,27,39,74,57,67,70,75,86,
4181136441,None,1540199352,49,74,87,88,7,10,17,37,53,63,
3743823303,None,1519128353,8,26,27,34,11,13,30,62,67,
3490963830,20,1507478580,5,52,98,107,3,13,33,35,95,
3171072184,None,1494493153,5,29,35,70,14,21,91,93,98,
3321040328,20,1500375941,22,25,69,109,5,13,60,65,114,
3168895475,None,1494397780,5,32,82,98,14,52,70,76,77,
3666534321,21,1515344995,13,62,88,102,11,38,50,51,109,
3497851941,20,1507825398,5,55,75,114,7,19,36,68,93,
3569438595,21,1511026188,17,21,102,107,41,53,74,101,114,
3740616136,None,1518955883,27,49,77,108,2,31,39,48,71,
3643143947,21,1514311446,46,63,69,86,11,16,27,60,114,
3671049115,21,1515578035,23,86,106,120,3,8,11,51,69,
1974303946,15,1449055561,12,40,85,112,8,28,50,74,107,
4100683898,21,1536116710,19,100,106,119,12,61,63,83,121,21,
3514911644,20,1508599922,39,61,64,107,19,31,40,48,79,
1967385993,None,1448774609,8,14,25,28,19,21,93,97,112,
3380966152,None,1502897311,17,62,90,106,1,5,82,91,96,
2012321837,None,1450467758,47,50,84,100,7,10,26,28,46,
1953242602,None,1448214632,28,67,70,101,7,8,19,91,112,
1364726299,None,1427840426,7,11,17,51,35,39,41,57,83,
3322677691,None,1500451107,25,40,41,53,4,23,70,83,108,
2013601721,None,1450520056,57,76,88,90,18,25,44,64,97,
3766684963,21,1520323325,12,17,26,64,28,31,62,76,89,34,112,
3755429312,21,1519734225,12,68,89,97,4,7,11,19,26,
3709255080,21,1517390668,3,43,88,119,8,11,30,57,100,
2565087004,16,1470985308,33,46,49,91,2,14,26,37,93,
3853305922,21,1524837772,23,100,114,119,20,54,65,86,98,18,47,74,
3654298998,21,1514808049,3,107,113,120,25,27,51,86,109,
3528135084,20,1509210957,9,10,88,111,36,63,106,107,112,
2519120800,16,1469117261,8,9,38,53,23,28,60,79,109,
3195779447,None,1495378761,34,37,67,110,14,23,51,75,84,
4107405221,21,1536428209,5,12,22,121,19,20,34,66,78,42,63,88,
4010370536,None,1531832901,5,43,85,120,7,9,39,110,111,
2238993925,None,1458567579,21,26,61,104,25,38,57,74,76,
2257443389,None,1459236979,7,50,53,76,27,36,82,93,107,
3545108277,20,1509900578,26,64,75,120,22,28,54,84,119,
3482965021,20,1507138304,32,36,64,74,1,26,47,65,68,
3523828818,20,1509021717,19,20,76,86,18,25,26,43,96,
2545845024,None,1470207395,10,16,71,110,6,8,9,20,74,
3981581546,21,1530375450,41,45,98,119,2,10,27,34,88,12,101,114,
3318845594,20,1500279236,13,28,54,75,25,65,86,88,93,
3487051719,20,1507324033,36,53,86,107,1,17,23,68,74,
3709204992,21,1517388284,27,42,45,86,11,14,48,64,94,
3212175746,None,1496073275,8,82,86,98,2,23,39,41,64,
1957818242,None,1448404724,50,59,62,69,11,17,28,86,106,
1983898104,None,1449405401,7,22,50,88,28,30,39,86,106,
2060464348,None,1452148797,14,28,32,106,9,20,74,93,105,
3713424035,21,1517593410,5,11,19,50,12,25,30,51,119,
3232048905,20,1496909373,39,64,67,98,5,17,71,97,109,
3795153219,21,1521776402,15,33,54,86,8,11,69,100,101,12,47,62,114,
2053543807,15,1451895743,3,28,106,111,5,44,53,57,76,
3826073517,None,1523368423,30,32,100,114,54,73,75,101,105,14,76,
1651372953,None,1437539708,52,75,88,100,7,33,39,94,99,
3184603982,18,1494948160,5,35,79,97,40,46,75,86,102,
1633857615,None,1436933606,7,22,39,86,5,8,17,33,60,
3742612040,None,1519056200,11,46,51,88,13,62,76,86,114,
2241937385,None,1458671733,7,27,76,111,22,28,44,57,88,
3328316553,None,1500696272,14,26,104,113,1,17,21,23,86,
3645946474,21,1514446081,2,3,11,51,19,39,62,108,119,
3335658384,20,1500995081,26,36,70,84,48,60,71,74,88,
3536928655,20,1509597898,25,27,51,111,14,52,65,91,119,
1982746487,None,1449370565,11,21,69,104,7,67,75,98,100,
1688044195,None,1438772278,7,9,46,86,5,15,17,57,62,
4123905547,21,1537235789,22,36,70,107,12,14,20,34,99,61,82,88,
1999227964,None,1449992036,20,25,29,73,46,50,59,95,112,
1983474609,None,1449394337,8,50,71,98,19,46,62,69,112,
1410708781,None,1429477898,7,9,39,47,14,21,35,53,99,
3565495528,20,1510854701,54,64,84,120,2,11,19,88,105,
3641263897,21,1514228247,11,49,51,79,19,27,62,76,114,
3881908716,21,1526049903,18,43,75,96,12,40,69,73,111,34,
4089515180,21,1535601207,17,26,58,86,20,63,70,106,121,
4019175152,None,1532275424,5,39,44,101,21,22,26,34,93,94,
3332976693,20,1500882900,50,62,97,109,6,14,36,74,104,
1359808070,5,1427658945,7,17,21,87,2,26,35,39,74,
4256018928,None,1544022870,28,64,101,119,84,86,93,110,112,44,82,114,
1996479989,None,1449904643,28,42,100,112,8,31,69,71,73,
1988542767,None,1449585733,57,68,91,100,12,16,33,74,88,
4060276193,None,1534273899,5,47,48,103,17,32,44,45,97,105,
3832832439,None,1523722134,9,14,27,43,10,32,38,76,119,89,
3993813283,21,1530982673,4,54,101,107,12,14,23,26,43,34,
3524400042,20,1509042082,9,74,86,101,2,10,14,32,110,
3887938647,None,1526230538,21,30,42,69,26,44,84,94,98,22,74,
3560410567,20,1510599142,19,58,63,98,13,15,21,84,87,
3506026672,None,1508178376,1,3,70,107,39,66,68,80,101,
3971305733,21,1529865183,1,26,29,59,9,21,76,88,112,45,75,
1980771228,None,1449308519,11,68,69,86,28,46,50,67,112,
1973669697,None,1449027552,1,21,86,100,11,28,72,87,112,
4157758447,21,1538936707,11,84,120,121,8,17,32,36,119,12,63,106,
3678423166,None,1515915643,18,23,75,85,11,16,30,77,119,
3351986849,None,1501690445,23,87,90,99,16,17,28,31,35,
3229175364,20,1496770241,48,75,90,107,44,47,84,101,108,
2021285791,None,1450788524,22,46,66,102,7,8,20,74,110,
3455387248,20,1505919591,61,62,86,114,8,14,17,57,99,
2256588969,None,1459190648,22,62,67,80,41,74,76,107,112,
4148996219,21,1538500856,4,20,74,121,19,23,25,83,119,1,88,
3839927771,None,1524114217,11,20,42,86,3,33,49,107,114,100,105,
1988844239,None,1449594234,20,27,39,46,19,21,37,50,109,
3532066826,20,1509383107,1,75,107,108,9,20,50,72,95,
3495394136,20,1507711653,3,65,82,86,1,7,14,22,35,
3959955532,21,1529325052,28,38,49,66,2,60,63,101,111,21,34,
3711708471,21,1517506194,14,22,47,58,2,30,50,84,93,
2126217891,None,1454539293,14,28,57,58,7,9,41,56,76,
3322733021,20,1500453328,13,27,37,41,5,7,64,95,114,
3781511028,21,1521085088,5,8,27,49,38,39,64,107,114,34,
1671724531,None,1438238155,4,6,7,21,26,39,49,53,85,
3183223455,None,1494915821,5,8,60,82,3,53,88,104,109,
3203633814,18,1495729854,26,70,84,99,6,21,52,74,107,
3944473374,21,1528640066,7,22,101,120,8,27,38,97,103,91,
2186829158,None,1456726059,39,57,74,75,12,20,66,69,85,
3545444932,20,1509914213,14,30,41,74,35,42,90,93,114,
3827249346,None,1523439459,19,43,52,86,3,7,15,49,110,13,76,
1958032785,None,1448420673,18,39,63,105,25,28,50,106,112,
3829131340,None,1523539486,5,14,84,120,8,34,57,86,105,76,
4136469901,None,1537867158,6,19,86,91,9,14,22,31,42,82,121,
3664492695,None,1515259723,11,20,27,81,4,35,51,52,69,
3505960576,20,1508175403,16,39,64,99,9,13,57,113,114,
3320812615,20,1500367531,21,23,46,76,4,27,88,106,114,
1416572753,None,1429714404,14,22,42,101,21,35,61,71,84,
3189205250,None,1495120880,11,16,41,48,6,15,35,79,88,
4219572600,21,1542207401,5,19,73,112,45,63,110,113,121,82,
3525983394,20,1509120422,25,30,31,93,4,22,28,40,74,
4211789454,21,1541794010,7,12,39,121,47,56,63,84,101,61,82,114,
4003866717,21,1531501710,9,21,74,83,22,34,48,100,102,11,77,88,104,
2009015312,None,1450358959,22,53,74,111,13,51,71,84,113,
4123132552,None,1537192014,4,90,120,121,2,7,8,25,119,74,
2115664467,None,1454162327,3,11,97,105,9,25,51,67,74,
3685446885,21,1516261003,3,5,18,69,13,44,49,100,111,
3862670750,None,1525277153,5,11,57,88,26,34,41,87,120,
1986432298,None,1449500103,23,25,58,74,6,7,11,29,50,
4100041866,None,1536074893,49,86,106,119,9,11,12,66,85,59,
2296214443,16,1460724230,26,38,76,87,5,67,74,107,110,
3738947370,21,1518875851,76,81,82,86,11,32,41,97,119,
3834654659,None,1523805911,11,62,87,120,8,19,22,50,103,32,82,
4086720506,21,1535473120,20,25,41,121,9,47,70,75,119,12,42,61,67,
3163514771,None,1494168130,12,28,46,83,7,26,35,82,106,
3275774172,20,1498495180,22,25,93,107,2,8,46,60,84,
3563489872,20,1510757035,11,51,60,107,30,48,88,112,119,
3682281817,21,1516096782,5,11,27,120,15,34,51,69,86,
3172059175,None,1494525353,4,9,104,114,44,53,54,62,75,
3699990439,21,1516956891,5,11,69,78,14,49,81,101,120,
2251710738,None,1459020973,20,74,97,112,8,22,30,41,75,
2055022903,None,1451937454,16,50,77,100,56,63,70,74,87,
3680750940,None,1516018560,34,64,105,112,14,17,19,85,94,
3976830287,None,1530156929,25,28,52,120,21,23,83,94,114,76,
4124963594,21,1537287035,5,39,99,112,14,20,34,48,69,1,15,42,
1952581240,None,1448197505,28,32,46,100,5,7,55,72,74,
3174249804,18,1494618756,5,8,33,97,7,10,55,63,86,
3862776305,None,1525281618,30,44,83,120,5,8,25,39,45,1,27,109,
3646091781,21,1514452174,23,62,86,114,39,48,65,88,100,
2022483963,None,1450830089,21,63,85,102,7,8,39,50,110,
4040587382,21,1533322642,5,12,21,106,9,25,65,68,119,61,83,114,
1997168761,None,1449923745,1,71,73,86,8,28,31,46,85,
3829302520,None,1523545164,59,68,98,111,14,49,62,77,79,11,
1952474947,15,1448195067,3,21,106,112,7,11,50,55,67,
3694636528,21,1516684840,11,59,107,111,2,26,34,67,71,
3825148109,None,1523313644,17,49,53,83,8,28,69,76,114,13,34,104,
3183619842,None,1494927639,51,70,74,75,39,67,86,98,107,
3968191377,None,1529741122,3,23,56,59,21,39,79,93,99,46,
3977723655,21,1530196177,12,16,106,119,11,21,67,69,101,34,
4220005056,21,1542228717,10,20,25,83,4,62,74,84,104,63,
4129819691,21,1537548169,5,20,33,46,27,35,83,96,114,34,112,121,
4058090400,21,1534164127,5,23,70,77,12,25,26,63,73,36,61,68,
2085566297,None,1453040689,26,53,68,74,20,41,43,79,109,
3503465506,None,1508068733,5,13,32,88,30,41,45,71,76,
3267190192,None,1498163392,5,16,95,107,64,70,71,72,98,
1361475212,None,1427724477,9,12,30,68,7,20,41,78,107,
4209784268,None,1541687393,22,26,57,114,1,9,45,48,71,44,74,75,
3350110414,None,1501603941,4,14,87,98,1,7,31,61,100,
4103557176,21,1536249953,58,74,94,119,54,75,82,105,121,55,67,
3904572763,21,1526876587,50,51,67,105,14,22,47,48,68,15,
3512795582,20,1508514130,12,36,78,111,40,68,80,96,101,
3708959484,21,1517374991,28,30,68,114,4,9,10,36,102,
3700709491,21,1516982247,34,68,96,110,15,22,23,30,63,
4099235994,21,1536039230,6,7,17,58,12,19,39,112,119,88,
3990040146,None,1530801564,9,59,87,89,8,21,35,86,98,74,
3033890732,17,1488617308,13,60,82,89,33,73,75,101,106,
3325549096,20,1500569040,20,23,29,75,7,8,26,74,99,
1969409252,None,1448838152,47,50,99,107,19,73,75,98,112,
3651905997,21,1514702903,22,26,102,113,39,60,77,85,86,
4104342960,21,1536300798,56,61,74,119,5,7,19,45,106,2,12,121,
3200066865,None,1495564445,5,23,95,98,13,42,55,72,83,
3210804143,18,1496027351,6,60,74,86,46,90,97,102,109,
3184455318,18,1494945387,50,97,101,109,1,5,43,86,99,
1361653927,None,1427728535,7,17,31,62,2,30,35,41,51,
3789255180,None,1521450068,38,48,64,74,7,28,30,35,49,8,11,22,
4001308714,None,1531376383,14,37,70,97,5,31,73,74,98,22,114,
3764301886,21,1520179386,5,34,58,107,27,60,70,76,119,44,104,
1523048560,None,1433311196,20,39,72,106,1,9,40,45,52,
3520299737,20,1508846851,5,8,62,98,7,13,60,87,114,
1679691953,None,1438490061,8,22,71,91,45,49,59,62,112,
3163612333,18,1494170863,5,17,20,59,31,74,81,88,114,
3507500638,20,1508251276,60,68,74,107,23,26,57,79,114,
3643371257,None,1514322194,15,22,61,107,8,11,16,86,108,
1960449369,None,1448524363,8,26,85,102,28,39,50,69,91,
3203727935,18,1495733327,50,59,74,90,25,44,64,97,107,
3676963056,None,1515853161,27,84,104,109,12,30,35,100,105,
4063268352,21,1534442623,5,12,22,85,10,27,34,42,103,7,61,105,
3803431621,21,1522171680,3,52,107,120,31,45,51,72,74,86,88,
4118057923,21,1536957362,12,61,74,121,19,42,45,114,119,7,14,82,
3538115071,20,1509637419,7,20,108,119,8,19,23,62,120,
2456848090,None,1466698924,19,26,28,57,8,14,41,59,107,
3851674931,21,1524743710,36,41,64,120,9,21,42,72,97,34,62,
3852863499,21,1524818615,48,75,76,119,26,30,41,95,113,34,
3225725826,20,1496626775,25,28,101,104,26,74,75,88,106,
4102916469,None,1536225302,67,74,86,121,5,7,63,82,102,12,120,
3887439958,21,1526219355,7,8,20,97,14,22,64,95,100,
4089084385,21,1535572559,5,36,67,100,19,31,45,56,75,88,121,
3562935684,20,1510736257,6,13,21,86,14,47,60,74,109,
1953767432,None,1448241071,7,28,68,74,11,18,69,100,112,
3850736295,21,1524678996,11,51,67,75,8,14,17,100,119,74,105,
4206970238,None,1541522219,7,27,83,113,22,35,86,96,114,32,82,
3799775796,21,1521985365,32,57,74,101,21,45,69,72,100,112,
3332674739,None,1500867501,29,83,86,113,22,28,51,109,112,
3784351663,None,1521223923,11,85,111,119,8,14,29,40,76,34,74,93,
3219044427,18,1496370599,14,17,57,86,5,25,51,70,87,
1693702921,None,1438956830,1,34,39,86,4,26,52,72,105,
1971851064,None,1448950385,21,28,62,112,42,50,74,85,100,
3200435885,None,1495592764,28,68,76,93,10,11,75,88,107,
4186334538,None,1540487811,3,12,17,45,18,22,74,75,86,114,
4095999281,21,1535876111,5,46,70,121,7,25,42,48,75,61,63,
3988243193,21,1530712527,4,20,21,101,9,14,27,39,93,34,90,108,
4124248563,21,1537258607,63,64,70,73,7,17,19,41,79,59,121,
1957980020,None,1448417426,23,50,93,101,8,9,11,28,104,
1969513001,None,1448845713,19,50,68,69,9,11,28,59,106,
3711810546,None,1517510497,11,19,26,88,14,22,63,69,90,
3826168020,None,1523371596,19,46,100,101,10,11,14,32,112,74,76,82,120,
4148523468,21,1538483447,30,39,63,121,1,5,17,33,55,34,114,
2584842008,16,1471686685,7,50,54,55,16,26,35,41,107,
3759729408,21,1519973728,10,23,27,75,14,56,72,76,112,22,74,
4205118559,21,1541425327,4,5,44,88,22,67,74,84,100,105,114,
4113981319,None,1536755301,11,28,64,121,7,12,63,75,101,
4159020389,21,1539009273,5,14,19,42,26,63,78,96,112,22,56,114,
4047983979,21,1533662484,5,22,48,70,34,36,63,83,85,25,61,64,
2654960040,None,1474277154,5,10,44,57,2,8,26,73,86,
3850058600,None,1524650761,23,32,68,93,7,11,26,48,105,76,
2250681937,None,1458995405,22,33,68,88,30,57,60,76,93,
3323026305,20,1500464178,9,39,83,95,51,57,60,76,86,
2028993762,None,1451068645,3,8,16,19,21,28,30,72,85,
3318568268,20,1500266998,15,70,84,107,14,26,59,76,110,
3696856748,21,1516796279,27,46,52,62,11,50,54,57,64,
3747173032,21,1519311315,27,74,86,98,19,30,62,76,109,
3889443544,21,1526298139,3,38,86,102,10,16,36,99,119,4,17,34,
3940611437,None,1528479016,21,34,72,100,12,27,49,58,83,88,
3301348551,None,1499537776,23,33,43,44,25,26,41,53,88,
3653262029,None,1514755247,77,82,100,120,3,16,18,39,69,
3879076294,None,1525952327,57,92,103,112,52,61,84,98,114,93,109,
3320554713,20,1500356404,2,4,68,107,8,28,51,74,75,
3983178591,21,1530449683,2,31,46,83,38,50,64,74,107,34,77,
3661420274,None,1515138764,11,19,60,87,27,34,51,77,120,
3839333952,None,1524070114,35,68,72,100,14,18,19,22,61,8,105,
1958140279,None,1448426642,11,28,68,85,9,39,55,73,75,
2658329310,17,1474422517,13,41,62,93,19,26,69,74,90,
3214555556,None,1496168175,20,55,77,107,10,11,23,64,65,
1989886611,None,1449646617,42,62,100,107,19,50,69,87,93,
1959967878,None,1448498178,8,28,102,107,5,11,19,44,60,
3324492319,20,1500533866,23,51,76,87,7,15,17,33,68,
3269889563,None,1498280087,50,82,91,99,5,18,55,76,87,
1953504214,15,1448224498,8,11,90,100,28,39,42,60,112,
4096844675,21,1535902993,6,20,56,121,61,67,75,112,119,34,63,
3268990241,None,1498235984,5,7,10,114,14,23,36,76,93,
3467788044,20,1506445634,5,31,48,69,1,9,26,53,60,
3299795938,20,1499491273,14,70,84,86,5,34,41,99,110,
3205777485,None,1495822665,14,17,55,106,57,63,67,74,86,
3524072911,20,1509029016,42,57,74,107,7,16,76,93,98,
1408177295,None,1429395842,2,21,26,88,7,25,29,82,93,
3534582223,20,1509511254,3,72,110,119,12,26,35,71,92,
3948233910,21,1528808325,53,77,86,119,3,88,101,103,109,
2029153612,None,1451074087,50,55,62,93,7,8,28,46,71,
2554420338,None,1470552215,9,10,56,84,1,2,5,74,97,
2251448186,None,1459013340,21,27,57,76,7,34,58,67,88,
3683121540,21,1516127884,1,26,40,101,22,27,72,76,89,
4013300794,21,1531994403,5,7,13,114,17,27,71,109,120,62,67,76,
3459188796,20,1506091392,31,36,60,74,7,78,80,90,101,
3838583573,21,1524038725,11,107,114,119,15,27,47,91,96,104,
3743964332,21,1519134124,30,49,54,119,23,63,76,107,108,
3451864291,20,1505745247,60,80,88,90,5,7,84,93,94,
4148620120,21,1538486854,20,40,61,119,5,6,26,45,73,82,
3550422018,None,1510153802,25,69,84,119,22,42,79,95,98,
3874560839,21,1525781080,20,37,74,86,49,79,93,119,120,12,107,
3194763564,18,1495350326,3,41,74,84,11,18,50,60,99,
3746474078,21,1519280398,74,75,105,106,5,11,32,48,62,
3744131676,21,1519140790,64,74,87,108,27,34,48,89,100,
4141917057,21,1538155155,5,20,61,108,18,47,52,62,98,121,
1955798543,None,1448324297,11,21,28,86,26,50,69,74,94,
1642619234,None,1437232713,1,16,61,70,20,56,94,105,112,
1969472901,None,1448842831,11,20,28,112,8,22,53,100,106,
3789010837,None,1521436062,1,23,49,111,10,19,34,62,87,
1995166370,None,1449850439,26,31,44,97,7,13,21,63,98,
3191216381,18,1495207633,5,40,49,93,52,75,79,95,100,
3645158925,21,1514401421,20,39,42,75,11,80,84,86,120,
3739053430,21,1518879462,5,34,103,120,14,19,44,82,112,
3963744970,21,1529513719,41,62,69,119,12,21,22,60,87,47,
4091862110,21,1535701587,2,20,34,121,9,10,39,75,89,61,63,67,
1960142496,None,1448509434,7,38,82,100,19,39,56,69,112,
3316537397,None,1500186365,11,32,36,75,2,8,13,30,51,
3538219088,20,1509640584,82,102,107,120,7,26,63,86,119,
3780287208,None,1521020599,16,44,76,119,11,13,23,77,105,39,112,
2305639907,None,1461073989,21,31,101,107,22,30,53,57,76,
3033815498,None,1488614849,8,67,95,102,35,68,73,97,110,
3741161104,None,1518975991,34,35,64,86,5,10,11,42,51,
3490851343,20,1507474841,71,74,75,112,31,36,57,95,97,
3537975751,20,1509633773,7,69,86,119,5,46,71,85,104,
1991905258,None,1449730195,11,16,50,97,4,28,35,41,100,
4176578544,21,1539973120,4,49,103,119,14,28,47,76,90,1,114,
1997611843,None,1449933334,14,27,73,86,29,39,47,67,87,
1951327345,None,1448160444,5,7,11,22,10,69,74,100,112,
3542784014,20,1509814805,28,69,83,120,1,7,30,44,107,
3847717609,21,1524504320,30,46,65,119,18,22,23,32,50,8,60,
3849949964,None,1524644679,31,76,84,86,11,41,91,97,100,14,34,88,
3805224036,21,1522304263,8,76,87,119,14,44,65,82,86,1,
3958422154,None,1529250472,63,74,98,119,13,29,85,101,114,15,76,
3877734471,21,1525892017,7,50,62,81,12,26,52,69,104,4,8,88,
2126583272,None,1454563187,20,53,74,92,7,43,51,75,106,
3262677063,None,1497976033,8,74,84,90,25,32,37,54,68,
3681398834,21,1516043148,30,59,61,112,5,12,98,107,120,
3324411324,20,1500530011,16,40,80,113,3,8,25,27,99,
4097691977,21,1535956613,4,70,100,119,7,19,58,63,90,10,85,101,121,
3171583858,None,1494510252,1,25,30,97,2,8,17,75,87,
3322622981,None,1500448807,9,41,74,86,5,27,39,70,88,
3981454347,21,1530370970,63,88,106,119,32,38,39,85,114,76,
3036002121,None,1488695431,30,44,49,96,8,10,16,19,86,
3357761342,20,1501947878,8,16,71,91,31,41,44,75,88,
4017215523,21,1532186366,9,85,111,119,10,11,14,36,62,5,114,
4017305860,21,1532189408,5,6,21,63,9,14,34,37,70,83,104,114,
3642290587,None,1514282417,27,46,60,63,19,48,62,76,86,
2126528249,None,1454560649,7,13,71,80,45,47,65,67,102,
1996348641,None,1449900319,3,22,75,106,21,67,69,86,100,
2087739919,None,1453125072,22,71,74,111,19,26,28,67,100,
3852949263,21,1524823327,11,65,103,119,30,77,84,88,94,92,
3675228501,None,1515777706,7,22,64,112,1,30,76,84,99,
1955646745,None,1448313725,19,23,28,58,7,11,100,105,109,
3955489960,21,1529137557,1,16,18,97,5,10,62,74,104,34,
3673370053,21,1515688743,30,35,62,97,5,9,32,48,74,
3171137857,None,1494495754,25,43,50,109,1,5,74,79,97,
1997335623,None,1449927419,25,38,79,106,7,8,39,69,86,
3826397940,None,1523380927,3,14,59,108,19,54,86,107,119,18,34,89,
3380884170,None,1502894977,74,86,90,97,5,14,44,93,101,
3207798745,18,1495904213,5,8,52,71,10,26,28,33,74,
3652871838,None,1514737623,27,60,76,108,48,49,57,62,112,
4203654468,21,1541345819,8,12,30,110,18,36,64,74,121,1,32,
4061578716,21,1534345750,26,49,70,83,5,34,40,71,93,36,114,
2088955661,None,1453177155,20,22,43,86,8,28,53,74,85,
1987600344,None,1449554783,5,29,74,77,25,57,65,90,109,
3977048668,21,1530170106,49,84,86,120,19,26,38,59,107,62,119,
4174741930,21,1539874457,13,16,30,36,29,40,51,74,86,26,56,105,
3246587473,20,1497367100,34,39,50,51,22,44,84,87,88,
3562037689,20,1510678431,11,38,60,114,27,39,48,53,79,
3828732718,None,1523522249,11,68,84,86,14,44,50,59,108,34,74,76,
3853683198,None,1524853148,27,34,78,120,8,25,26,31,69,11,86,
3834313387,None,1523794368,8,46,62,119,11,19,26,42,86,76,
1957711219,None,1448398192,20,21,86,100,11,28,68,69,75,
4189928296,21,1540654966,17,36,84,101,2,10,19,47,121,12,105,
3972048778,21,1529914163,2,9,37,101,21,27,41,60,84,62,
3531979407,20,1509379730,21,32,61,64,9,26,31,48,49,
3550301406,20,1510149999,11,21,26,84,9,22,42,79,95,
4229850668,21,1542726453,13,26,28,68,46,62,86,95,100,22,121,
3934153390,None,1528180809,11,86,107,120,23,44,69,71,112,17,22,34,76,
4197990634,21,1541081871,7,11,32,120,17,28,70,83,110,22,
3265626203,20,1498108058,40,80,84,95,37,44,62,74,105,
3888682453,21,1526268604,18,22,37,100,8,23,34,86,96,14,99,108,
2245849877,16,1458824997,26,53,60,93,7,73,74,85,87,
3174198017,18,1494616591,5,48,86,97,11,16,32,37,67,
3646776472,21,1514475626,21,56,74,90,23,57,113,114,119,
1983577484,None,1449397251,14,26,51,106,39,69,72,100,107,
3559401887,20,1510558624,7,16,54,97,27,40,48,57,119,
3540572010,20,1509733886,9,25,87,107,10,51,74,86,119,
3526164313,None,1509127322,2,31,109,111,7,39,48,68,81,
4092000537,21,1535706606,61,69,75,119,14,42,56,73,121,34,67,88,110,
3511089016,20,1508432185,9,44,107,111,12,86,97,104,114,
3888051621,None,1526234085,2,27,82,101,5,39,84,93,99,17,76,
3320884169,20,1500370255,34,51,80,110,7,8,35,86,107,
3737382529,None,1518795711,17,50,67,84,2,5,7,8,34,
1997853421,None,1449938929,13,21,27,33,9,50,100,106,107,
2188847155,None,1456802497,10,41,76,86,18,53,69,74,84,
4198071903,21,1541084652,9,39,84,119,14,17,56,83,86,82,106,114,
1985708593,None,1449478684,11,28,68,92,7,26,72,100,106,
3337217934,20,1501070603,7,14,18,90,5,54,58,83,88,
3322572945,20,1500446528,9,12,63,79,4,36,56,60,86,
3260711738,20,1497894571,67,88,90,107,14,38,42,80,104,
3711233821,21,1517488837,35,69,73,88,1,5,21,33,39,
1983799732,None,1449403060,27,46,66,107,6,11,28,100,112,
3185030634,None,1494957123,18,34,100,110,2,5,67,74,83,
2011398854,None,1450444395,8,20,51,87,7,39,65,93,100,
3697478601,21,1516820361,20,27,58,111,11,14,29,112,120,
2305348588,None,1461066251,6,21,87,112,7,37,39,69,93,
3487390071,20,1507346657,7,32,47,91,25,92,95,112,114,
3939350915,21,1528433378,20,45,64,84,10,21,31,51,99,74,
4096138709,21,1535880841,5,43,70,75,6,61,98,112,119,34,63,
3688060121,None,1516379602,11,15,60,79,19,31,39,48,86,
3888992139,21,1526282486,34,49,52,112,15,19,23,75,114,13,
1752796028,None,1440824778,1,36,82,110,7,11,52,72,75,
3495974515,20,1507733192,7,36,48,84,3,5,101,104,114,
3193651008,None,1495299891,8,51,57,100,5,7,11,49,86,
3179288219,18,1494782285,16,21,82,88,2,8,54,86,114,
3829255896,None,1523543540,11,12,68,100,36,46,77,91,111,34,76,
3192619509,None,1495271430,31,67,72,88,2,22,34,48,84,
4103449812,21,1536245884,54,61,74,119,5,58,75,82,114,12,19,73,
3530276935,20,1509298773,9,36,56,111,22,26,28,44,101,
4205537192,21,1541441864,17,20,52,120,5,35,42,57,100,88,
3245793337,20,1497345285,8,32,52,55,7,25,37,51,63,
4123534984,None,1537207662,3,41,73,119,19,45,61,86,121,34,74,
3878838772,None,1525945274,6,21,37,60,14,25,31,56,108,88,104,
2108626979,None,1453902560,14,28,64,74,7,21,62,79,93,
3713173764,21,1517584446,11,30,81,84,18,22,64,86,120,
3476835967,None,1506859109,17,62,93,111,4,14,36,88,97,
3857162157,21,1525023910,67,86,88,104,1,34,35,84,89,32,
3672592408,21,1515658229,12,34,79,91,2,22,35,48,88,
3204087314,18,1495753131,2,8,28,70,11,14,16,76,107,
4122584246,21,1537168467,17,36,62,109,12,34,63,74,85,61,82,
3934294658,21,1528187919,1,26,57,71,5,35,74,106,120,
3955238298,21,1529127900,4,14,75,108,3,21,93,101,106,82,88,
4191804096,21,1540739311,7,9,21,114,58,73,75,84,101,112,
3190384509,18,1495182136,11,18,98,100,5,7,8,35,63,
3702817950,21,1517070916,8,22,23,64,34,48,97,107,119,
1957453243,None,1448387212,7,39,100,110,11,27,62,99,106,
3792745166,21,1521640682,15,60,74,111,13,54,78,100,119,120,
3744046647,21,1519137364,54,97,101,119,14,27,35,38,81,
